Manufacturer,Model Name,Model Code,RAM (TotalMem),Form Factor,System on Chip,Screen Sizes,Screen Densities,ABIs,Android SDK Versions,OpenGL ES Versions
Asus,ZenFone AR (ZS571KL),ASUS_A002,5772MB,Phone,Qualcomm MSM8996Pro,1440x2560,560,arm64-v8a;armeabi;armeabi-v7a,24,3.2
Asus,ZenFone AR,ASUS_A002_1,5774MB,Phone,Qualcomm MSM8996,1440x2560,560,arm64-v8a;armeabi;armeabi-v7a,24,3.2
Asus,ZenFone Ares (ZS572KL),ASUS_A002_2,5772-7776MB,Phone,Qualcomm MSM8996,1440x2560,560,arm64-v8a;armeabi;armeabi-v7a,24,3.2
Asus,ROG Phone ll,ASUS_I001_1,7496-11482MB,Phone,Qualcomm SM8150,1080x2340;2340x1080,420,arm64-v8a;armeabi;armeabi-v7a,28;29,3.2
Asus,ZenFone 7 / 7 Pro (ZS670KS/ZS671KS),ASUS_I002D,5668-7669MB,Phone,Qualcomm SM8250,1080x2400,420,arm64-v8a;armeabi;armeabi-v7a,29;30,3.2
Asus,ROG Phone 3,ASUS_I003_1,7572-15552MB,Phone,Qualcomm SM8250,1080x2340,420,arm64-v8a;armeabi;armeabi-v7a,29;30,3.2
Asus,ROG Phone 5,ASUS_I005_1,11348-15326MB,Phone,Qualcomm SM8350,1080x2448,420,arm64-v8a;armeabi;armeabi-v7a,30,3.2
Asus,ZenFone 6 (ZS630KL) (WW) / 6Z (ZS630KL) (IN),ASUS_I01WD,5494-7499MB,Phone,Qualcomm SM8150,1080x2340,420,arm64-v8a;armeabi;armeabi-v7a,28;29;30,3.2
Asus,ROG Phone,ASUS_Z01QD_1,7677-7686MB,Phone,Qualcomm SDM845,1080x2160,420;480,arm64-v8a;armeabi;armeabi-v7a,27;28,3.2
Coolpad,Coolpad 3706AS,apollo,2639MB,Phone,Qualcomm SM6125,1080x2340,480,arm64-v8a;armeabi;armeabi-v7a,29,3.2
Fujitsu,F-51A,F51A,7692-7699MB,Phone,Qualcomm SM8250,1440x3120,560,arm64-v8a;armeabi;armeabi-v7a,29;30,3.2
Fujitsu,arrows NX9 F-52A,F52A,7486MB,Phone,Qualcomm SM7250,1080x2280,420,arm64-v8a;armeabi;armeabi-v7a,29,3.2
General Mobile,GM 9 Plus,GM9PLUS_s,2750MB,Phone,Mediatek MT6771,1080x2280,480,arm64-v8a;armeabi;armeabi-v7a,28,3.2
Google,Pixel 3,blueline,3546-3580MB,Phone,Qualcomm SDM845,1080x2160,440,arm64-v8a;armeabi;armeabi-v7a,28;29;30,3.2
Google,Pixel 3a XL,bonito,3592-3593MB,Phone,Qualcomm SDM670,1080x2160,400,arm64-v8a;armeabi;armeabi-v7a,28;29;30,3.2
Google,Pixel 4a (5G),bramble,5458MB,Phone,Qualcomm SM7250,1080x2340,420,arm64-v8a;armeabi;armeabi-v7a,30,3.2
Google,Pixel 4 XL,coral,5465-5466MB,Phone,Qualcomm SDM855,1440x3040,560,arm64-v8a;armeabi;armeabi-v7a,29;30,3.2
Google,Pixel 3 XL,crosshatch,3546-3580MB,Phone,Qualcomm SDM845,1440x2960,560,arm64-v8a;armeabi;armeabi-v7a,28;29;30,3.2
Google,Pixel 4,flame,5465-5466MB,Phone,Qualcomm SDM855,1080x2280,440,arm64-v8a;armeabi;armeabi-v7a,29;30,3.2
Google,Google Android Emulator,generic_x86_arm,1494-1980MB,Phone,Intel i7-5200U,1080x1920;1440x2960,420;560,armeabi;armeabi-v7a;x86,28;30,3.0
Google,Pixel XL,marlin,3753-4095MB,Phone,Qualcomm MSM8996,1440x2560,560,arm64-v8a;armeabi;armeabi-v7a,25;26;27;28;29,3.2
Google,Pixel 5,redfin,7457MB,Phone,Qualcomm SM7250,1080x2340,440,arm64-v8a;armeabi;armeabi-v7a,30,3.2
Google,Pixel,sailfish,3754-3765MB,Phone,Qualcomm MSM8996,1080x1920,420,arm64-v8a;armeabi;armeabi-v7a,25;26;27;28;29,3.2
Google,Pixel 3a,sargo,3592-3593MB,Phone,Qualcomm SDM670,1080x2220,440,arm64-v8a;armeabi;armeabi-v7a,28;29;30,3.2
Google,Pixel 4a,sunfish,5570-5593MB,Phone,Qualcomm SM7150,1080x2340,440,arm64-v8a;armeabi;armeabi-v7a,29;30,3.2
Google,Pixel 2 XL,taimen,3647-3662MB,Phone,Qualcomm MSM8998,1440x2880,560,arm64-v8a;armeabi;armeabi-v7a,26;27;28;29;30,3.2
Google,Pixel 2,walleye,3644-3656MB,Phone,Qualcomm MSM8998,1080x1920,420,arm64-v8a;armeabi;armeabi-v7a,26;27;28;29;30,3.2
HTC,HTC Desire 21 Pro 5G,htc_thudugl,7507MB,Phone,Qualcomm SM6350,1080x2400,400,arm64-v8a;armeabi;armeabi-v7a,29,3.2
Huawei,P20 Pro,HW-01K,5666-5713MB,Phone,HiSilicon KIRIN970,1080x2240,480,arm64-v8a;armeabi;armeabi-v7a,27;28;29,3.2
Huawei,P30 Pro,HW-02L,5653-7598MB,Phone,HiSilicon KIRIN970,1080x2340,480,arm64-v8a;armeabi;armeabi-v7a,28;29,3.2
Huawei,HUAWEI P20 Lite,HWANE,3783-3788MB,Phone,HiSilicon KIRIN659,1080x2280;2280x1080,480,arm64-v8a;armeabi;armeabi-v7a,26;28,3.2
Huawei,P20 Pro,HWCLT,2694-7729MB,Phone,HiSilicon KIRIN970,1080x2240;2240x1080,480,arm64-v8a;armeabi;armeabi-v7a,27;28;29,3.2
Huawei,Honor 10,HWCOL,3627-5703MB,Phone,HiSilicon KIRIN970,1080x2280;720x1520,320;480,arm64-v8a;armeabi;armeabi-v7a,27;28;29,3.2
Huawei,HUAWEI P30,HWELE,5611-7669MB,Phone,HiSilicon KIRIN980,1080x2340,480,arm64-v8a;armeabi;armeabi-v7a,28;29,3.2
Huawei,P20,HWEML,3637-5712MB,Phone,HiSilicon KIRIN970,1080x2244;2244x1080,480,arm64-v8a;armeabi;armeabi-v7a,27;28;29,3.2
Huawei,Huawei Mate 20 X,HWEVR,5639-7821MB,Phone,HiSilicon KIRIN980,1080x2244;2244x1080,480,arm64-v8a;armeabi;armeabi-v7a,28;29,3.2
Huawei,Mate 20,HWHMA,3594-5691MB,Phone,HiSilicon KIRIN980,1080x2244;2244x1080,480,arm64-v8a;armeabi;armeabi-v7a,28;29,3.2
Huawei,nova 3i,HWINE,3690-3712MB,Phone,HiSilicon KIRIN710,1080x2340,480,arm64-v8a;armeabi;armeabi-v7a,27;28,3.2
Huawei,HUAWEI Y9 2019,HWJKM-H,2695-5722MB,Phone,HiSilicon KIRIN710,1080x2340,480,arm64-v8a;armeabi;armeabi-v7a,27;28,3.2
Huawei,荣耀 8X,HWJSN-H,3680-7734MB,Phone,HiSilicon KIRIN710,1080x2340,480,arm64-v8a;armeabi;armeabi-v7a,27;28;29,3.2
Huawei,Mate 20 RS,HWLYA,5554-7641MB,Phone,HiSilicon KIRIN980,1080x2340;1440x3120;2340x1080,480;640,arm64-v8a;armeabi;armeabi-v7a,28;29,3.2
Huawei,PORSCHE DESIGN HUAWEI Mate RS,HWNEO,5656-5703MB,Phone,HiSilicon KIRIN970,1080x2160;1440x2880,480;640,arm64-v8a;armeabi;armeabi-v7a,27;28;29,3.2
Huawei,nova 3,HWPAR,2694-5712MB,Phone,HiSilicon KIRIN970,1080x2340,480,arm64-v8a;armeabi;armeabi-v7a,27;28,3.2
Huawei,HONOR V20,HWPCT,5639-7683MB,Phone,HiSilicon KIRIN980,1080x2310,480,arm64-v8a;armeabi;armeabi-v7a,28;29,3.2
Huawei,HUAWEI Mate 20 lite,HWSNE,3679-5722MB,Phone,HiSilicon KIRIN710,1080x2340,480,arm64-v8a;armeabi;armeabi-v7a,27;28;29,3.2
Huawei,Honor Magic 2,HWTNY,5625-7641MB,Phone,HiSilicon KIRIN980,1080x2340;2340x1080,480,arm64-v8a;armeabi;armeabi-v7a,28;29,3.2
Huawei,nova 4,HWVCE,7663-7714MB,Phone,HiSilicon KIRIN970,1080x2310,480,arm64-v8a;armeabi;armeabi-v7a,28;29,3.2
Huawei,P30 Pro,HWVOG,2828-7669MB,Phone,HiSilicon KIRIN980,1080x2340;2340x1080;720x1560,320;480,arm64-v8a;armeabi;armeabi-v7a,28;29,3.2
Huawei,Nexus 6P,angler,2702-2799MB,Phone,Qualcomm MSM8994,1440x2560,560,arm64-v8a;armeabi;armeabi-v7a,23;24;25;26;27,3.1;3.2
Infinix,Note 6,Infinix-X610,3761MB,Phone,Mediatek MT6765,1080x2160,480,arm64-v8a;armeabi;armeabi-v7a,28,3.2
Infinix,Infinix ZERO8,Infinix-X687,7685-7694MB,Phone,Mediatek MT6785,1080x2460,480,arm64-v8a;armeabi;armeabi-v7a,29,3.2
Infinix,Infinix ZERO 8i,Infinix-X687B,7694MB,Phone,Mediatek MT6785,1080x2460,480,arm64-v8a;armeabi;armeabi-v7a,29,3.2
Infinix,NOTE 7,Infinix-X690,3807MB,Phone,Mediatek MT6769,720x1640,320,arm64-v8a;armeabi;armeabi-v7a,29,3.2
Infinix,NOTE 7,Infinix-X690B,5817MB,Phone,Mediatek MT6769,720x1640,320,arm64-v8a;armeabi;armeabi-v7a,29,3.2
Infinix,NOTE 7,Infinix-X690C,3807MB,Phone,Mediatek MT6769,720x1640,320,arm64-v8a;armeabi;armeabi-v7a,29,3.2
Infinix,NOTE 8,Infinix-X692,5810MB,Phone,Mediatek MT6769,720x1640,320,arm64-v8a;armeabi;armeabi-v7a,29,3.2
Kyocera,DuraForce Ultra 5G,E7110,5451MB,Phone,Qualcomm SM7250,1080x2160,420,arm64-v8a;armeabi;armeabi-v7a,29,3.2
Kyocera,TORQUE G04,KYV46,3735-3738MB,Phone,Qualcomm SDM660,1080x1920,480,arm64-v8a;armeabi;armeabi-v7a,28;29,3.2
LGE,V30+,L-01K,3717-3722MB,Phone,Qualcomm MSM8998,1440x2880,640,arm64-v8a;armeabi;armeabi-v7a,26;28,3.2
LGE,LG style2,L-01L,3565-3567MB,Phone,Qualcomm SDM450,1080x2160,480,arm64-v8a;armeabi;armeabi-v7a,28;29,3.2
LGE,JOJO,L-02K,3722MB,Phone,Qualcomm MSM8998,1440x2880,640,arm64-v8a;armeabi;armeabi-v7a,26,3.2
LGE,LG style3,L-41A,3648MB,Phone,Qualcomm SDM845,1080x2340,420,arm64-v8a;armeabi;armeabi-v7a,29,3.2
LGE,LG V60 ThinQ 5G,L-51A,7676-7681MB,Phone,Qualcomm SM8250,1080x2460,420,arm64-v8a;armeabi;armeabi-v7a,29;30,3.2
LGE,LG VELVET,L-52A,5514MB,Phone,Qualcomm SM7250,1080x2460,420,arm64-v8a;armeabi;armeabi-v7a,29,3.2
LGE,Q92,acelm,5509MB,Phone,Qualcomm SM7250,1080x2400,420,arm64-v8a;armeabi;armeabi-v7a,29,3.2
LGE,K92,acexlm,5501MB,Phone,Qualcomm SM6350,1080x2400,420,arm64-v8a;armeabi;armeabi-v7a,29,3.2
LGE,LG G8 ThinQ™,alphaamz,5472-5474MB,Phone,Qualcomm SDM855,1080x2340,420,arm64-v8a;armeabi;armeabi-v7a,28;29,3.2
LGE,LG G8 ThinQ™,alphalm,5472-5474MB,Phone,Qualcomm SM8150,1080x2340,420,arm64-v8a;armeabi;armeabi-v7a,28;29,3.2
LGE,LG G8 ThinQ™,alphaplus,5472-5474MB,Phone,Qualcomm SM8150,1080x2340,420,arm64-v8a;armeabi;armeabi-v7a,28;29,3.2
LGE,G8S ThinQ,betalm,5472-5475MB,Phone,Qualcomm SM8150,1080x2248,420,arm64-v8a;armeabi;armeabi-v7a,28;29,3.2
LGE,VELVET,caymanlm,5509-7511MB,Phone,Qualcomm SM7250,1080x2460,420,arm64-v8a;armeabi;armeabi-v7a,29;30,3.2
LGE,VELVET,caymanslm,5647MB,Phone,Qualcomm SDM845,1080x2460,420,arm64-v8a;armeabi;armeabi-v7a,29,3.2
LGE,Q8,cv7an,3636-3641MB,Phone,Qualcomm SDM450,1080x2160,420,armeabi;armeabi-v7a,27;28,3.2
LGE,LG Stylo 5,cv7as,2809-2811MB,Phone,Qualcomm SDM450,1080x2160,420,arm64-v8a;armeabi;armeabi-v7a,28;29,3.2
LGE,LG Stylo 5+,cv7as-pr,2811MB,Phone,Qualcomm SDM450,1080x2160,420,arm64-v8a;armeabi;armeabi-v7a,28;29,3.2
LGE,LG Q9,falcon,3764-3773MB,Phone,Qualcomm MSM8996Pro,1080x2340;1440x3120,420;560,arm64-v8a;armeabi;armeabi-v7a,27;28,3.2
LGE,V50 ThinQ,flashlm,5435-5437MB,Phone,Qualcomm SM8150,1080x2340,420,arm64-v8a;armeabi;armeabi-v7a,28;29,3.2
LGE,V50 ThinQ,flashlmdd,5433-5437MB,Phone,Qualcomm SM8150,1080x2340,420,arm64-v8a;armeabi;armeabi-v7a,28;29,3.2
LGE,Signature,flashsignaturelm,11432MB,Phone,Qualcomm SM8150,1080x2340,420,arm64-v8a;armeabi;armeabi-v7a,28,3.2
LGE,V30,joan,3717-4095MB,Phone,Qualcomm MSM8998,1440x2678;1440x2880;2880x1440,640,arm64-v8a;armeabi;armeabi-v7a,25;26;28,3.2
LGE,LG G7 ThinQ,judyln,3644-3654MB,Phone,Qualcomm SDM845,1440x3120,560,arm64-v8a;armeabi;armeabi-v7a,26;28;29,3.2
LGE,LG V35 ThinQ,judyp,5645-5652MB,Phone,Qualcomm SDM845,1440x2880,560,arm64-v8a;armeabi;armeabi-v7a,26;28;29,3.2
LGE,V40 ThinQ,judypn,5641-5652MB,Phone,Qualcomm SDM845,1080x2340,420,arm64-v8a;armeabi;armeabi-v7a,27;28;29,3.2
LGE,LG G6,lucye,3777-3782MB,Phone,Qualcomm MSM8996,1440x2672;1440x2880,640,arm64-v8a;armeabi;armeabi-v7a,24;26;28,3.2
LGE,VELVET,mcaymanlm,5440MB,Phone,Mediatek MT6883,1080x2460,420,arm64-v8a;armeabi;armeabi-v7a,29,3.2
LGE,Q61,mdh40lm,3741-3803MB,Phone,Mediatek MT6765,1080x2340,420,arm64-v8a;armeabi;armeabi-v7a,28;29,3.2
LGE,Stylo 6,mdh50lm,2794-3802MB,Phone,Mediatek MT6765,1080x2460,420,arm64-v8a;armeabi;armeabi-v7a,29,3.2
LGE,LG Q6,mh,2880-2891MB,Phone,Qualcomm MSM8940,1080x2004;1080x2160,480,armeabi;armeabi-v7a,25;27,3.2
LGE,V50S ThinQ,mh2lm,5511-7435MB,Phone,Qualcomm SM8150,1080x2340,420,arm64-v8a;armeabi;armeabi-v7a,28;29,3.2
LGE,LG Q70,mh3,3631-3635MB,Phone,Qualcomm SM6150,1080x2310,420,arm64-v8a;armeabi;armeabi-v7a,28;29,3.2
LGE,LG Q70,mh3-pl,3631-3633MB,Phone,Qualcomm SM6150,1080x2310,420,arm64-v8a;armeabi;armeabi-v7a,28;29,3.2
LGE,LG Q6,mhn,2880-2892MB,Phone,Qualcomm MSM8940,1080x2004;1080x2160;2160x1080,480,armeabi;armeabi-v7a,25;27,3.2
LGE,LG G7 One,phoenix_sprout,3714-3722MB,Phone,Qualcomm MSM8998,1440x3120,560,arm64-v8a;armeabi;armeabi-v7a,27;28;29;30,3.2
LGE,G Pad 5 10.1 FHD,tf10,3701MB,Tablet,Qualcomm MSM8996Pro,1200x1920,240,arm64-v8a;armeabi;armeabi-v7a,28,3.2
LGE,G Pad 5 10.1 FHD,tf10w,3701MB,Tablet,Qualcomm MSM8996Pro,1200x1920,240,arm64-v8a;armeabi;armeabi-v7a,28,3.2
LGE,LG V60 ThinQ,timelm,7656-7681MB,Phone,Qualcomm SM8250,1080x2460,420,arm64-v8a;armeabi;armeabi-v7a,29;30,3.2
LGE,LG WING,winglm,7507MB,Phone,Qualcomm SM7250,1080x2460,420,arm64-v8a;armeabi;armeabi-v7a,29,3.2
Lenovo,Lenovo Tab P11 Pro,J706L,5612MB,Tablet,Qualcomm SDM712,1600x2560;2560x1600,320,arm64-v8a;armeabi;armeabi-v7a,29,3.2
Lenovo,Lenovo K12 Note,guamp,3726MB,Phone,Qualcomm SM6115,720x1600,280,arm64-v8a;armeabi;armeabi-v7a,29,3.2
Motorola,moto g(6),ali,2855-3618MB,Phone,Qualcomm SDM450,1080x2160,480,armeabi;armeabi-v7a,26;28,3.2
Motorola,moto g(6),ali_n,2855-2856MB,Phone,Qualcomm SDM450,1080x2160;2160x1080,480,armeabi;armeabi-v7a,26;28,3.2
Motorola,motorola one fusion,astro,3708MB,Phone,Qualcomm SDM710,720x1600,280,arm64-v8a;armeabi;armeabi-v7a,29,3.2
Motorola,moto z3 play,beckham,3737-5744MB,Phone,Qualcomm SDM636,1080x2160,480,arm64-v8a;armeabi;armeabi-v7a,27;28,3.2
Motorola,moto g(8) power lite,blackjack,3710-3773MB,Phone,Mediatek MT6765,720x1600,260,arm64-v8a;armeabi;armeabi-v7a,28;29,3.2
Motorola,moto g power (2021),borneo,2730-3729MB,Phone,Qualcomm SM6115,720x1600,280,arm64-v8a;armeabi;armeabi-v7a,29,3.2
Motorola,motorola edge plus,burton,11655-11751MB,Phone,Qualcomm SM8250,1080x2340,440,arm64-v8a;armeabi;armeabi-v7a,29;30,3.2
Motorola,moto g(30),caprip,3726-5719MB,Phone,Qualcomm SM6115,720x1600,280,arm64-v8a;armeabi;armeabi-v7a,30,3.2
Motorola,moto g(9) power,cebu,3728MB,Phone,Qualcomm SM6115,720x1640,280,arm64-v8a;armeabi;armeabi-v7a,29,3.2
Motorola,moto g(7) play,channel,1831-2847MB,Phone,Qualcomm SDM632,720x1512,320,armeabi;armeabi-v7a,28;29,3.2
Motorola,motorola one power,chef_sprout,3737-3747MB,Phone,Qualcomm SDM636,1080x2246,480,arm64-v8a;armeabi;armeabi-v7a,27;28;29,3.2
Motorola,Motorola one,deen_sprout,2821-3573MB,Phone,Qualcomm MSM8953,720x1520,320,arm64-v8a;armeabi;armeabi-v7a,27;28;29,3.2
Motorola,motorola one hyper,def,3604-3615MB,Phone,Qualcomm SDM675,1080x2340,420,arm64-v8a;armeabi;armeabi-v7a,29;30,3.2
Motorola,moto g(8) plus,doha,3644-3675MB,Phone,Qualcomm SM6125,1080x2280,420,arm64-v8a;armeabi;armeabi-v7a,28;29,3.2
Motorola,moto g(8) plus,doha_n,3644-3675MB,Phone,Qualcomm SM6125,1080x2280,420,arm64-v8a;armeabi;armeabi-v7a,28;29,3.2
Motorola,moto g(6) plus,evert,5741-5745MB,Phone,Qualcomm SDM630,1080x2160,480,arm64-v8a;armeabi;armeabi-v7a,26;28,3.2
Motorola,moto g(6) plus,evert_n,3742-3747MB,Phone,Qualcomm SDM630,1080x2160,480,arm64-v8a;armeabi;armeabi-v7a,26;28,3.2
Motorola,moto g(6) plus,evert_nt,3743-3747MB,Phone,Qualcomm SDM630,1080x2160,480,arm64-v8a;armeabi;armeabi-v7a,26;28,3.2
Motorola,moto z4,foles,3609-3629MB,Phone,Qualcomm SM6150,1080x2340,480,arm64-v8a;armeabi;armeabi-v7a,28;29,3.2
Motorola,moto g(9) play,guamp,3726MB,Phone,Qualcomm SM6115,720x1600,280,arm64-v8a;armeabi;armeabi-v7a,29,3.2
Motorola,motorola one vision,kane_sprout,3727-3742MB,Phone,Samsung Exynos 9609,1080x2520,480,arm64-v8a;armeabi;armeabi-v7a,28;29,3.2
Motorola,moto g 5G,kiev,3471-5464MB,Phone,Qualcomm SM7225,1080x2400,400,arm64-v8a;armeabi;armeabi-v7a,29,3.2
Motorola,moto g(7) plus,lake,5743MB,Phone,Qualcomm SDM636,1080x2270,480,arm64-v8a;armeabi;armeabi-v7a,28,3.2
Motorola,motorola one fusion+,liber,3599-5592MB,Phone,Qualcomm SM7150,1080x2340,420,arm64-v8a;armeabi;armeabi-v7a,29,3.2
Motorola,motorola one macro,lima,1803-3796MB,Phone,Mediatek MT6771,720x1520,280,arm64-v8a;armeabi;armeabi-v7a,28;29,3.2
Motorola,Moto Z(3),messi,3722-5727MB,Phone,Qualcomm MSM8998,1080x2160,480,arm64-v8a;armeabi;armeabi-v7a,27;28,3.2
Motorola,moto g stylus (2021),minsk,3623MB,Phone,Qualcomm SDM675,1080x2400,400,arm64-v8a;armeabi;armeabi-v7a,29,3.2
Motorola,motorola one 5G UW,nairo,3461-7456MB,Phone,Qualcomm SM7250,1080x2520,420,arm64-v8a;armeabi;armeabi-v7a,29;30,3.2
Motorola,Moto Z (2) Force,nash,3724-5729MB,Phone,Qualcomm MSM8998,1440x2560;2560x1440,640,arm64-v8a;armeabi;armeabi-v7a,25;26;28,3.2
Motorola,motorola edge s,nio,7672MB,Phone,Qualcomm SM8250,1080x2520,480,arm64-v8a;armeabi;armeabi-v7a,30,3.2
Motorola,moto g(7) power,ocean,2819-3573MB,Phone,Qualcomm SDM632,720x1520,320,arm64-v8a;armeabi;armeabi-v7a,28;29,3.2
Motorola,moto g(7) power,ocean_n,3571-3573MB,Phone,Qualcomm SDM632,720x1520,320,arm64-v8a;armeabi;armeabi-v7a,28;29,3.2
Motorola,moto g(7) power,ocean_t,2819-3573MB,Phone,Qualcomm SDM632,720x1520,320,arm64-v8a;armeabi;armeabi-v7a,28;29,3.2
Motorola,moto g(9) plus,odessa,3599MB,Phone,Qualcomm SM7150,1080x2400,400,arm64-v8a;armeabi;armeabi-v7a,29,3.2
Motorola,motorola one zoom,parker,3623-3628MB,Phone,Qualcomm SM6150,1080x2340,420,arm64-v8a;armeabi;armeabi-v7a,28;29,3.2
Motorola,Moto X (4),payton,2739-3743MB,Phone,Qualcomm SDM630,1080x1920,480,arm64-v8a;armeabi;armeabi-v7a,25;26;27;28,3.2
Motorola,Moto X (4),payton_sprout,2739-4095MB,Phone,Qualcomm SDM630,1080x1920,480,arm64-v8a;armeabi;armeabi-v7a,25;26;27;28,3.2
Motorola,motorola edge,racer,5455-5457MB,Phone,Qualcomm SM7250,1080x2340,440,arm64-v8a;armeabi;armeabi-v7a,29;30,3.2
Motorola,moto g fast,rav,2661-3663MB,Phone,Qualcomm SM6125,720x1560,280,arm64-v8a;armeabi;armeabi-v7a,29;30,3.2
Motorola,moto g(7),river,3571-3573MB,Phone,Qualcomm SDM632,1080x2270,480,arm64-v8a;armeabi;armeabi-v7a,28;29,3.2
Motorola,moto g(7),river_n,3571-3573MB,Phone,Qualcomm SDM632,1080x2270,480,arm64-v8a;armeabi;armeabi-v7a,28;29,3.2
Motorola,Moto G (5S) Plus,sanders,2857-3641MB,Phone,Qualcomm MSM8953,1080x1920,480,armeabi;armeabi-v7a,25;27,3.2
Motorola,Moto G (5S) Plus,sanders_n,2857-3641MB,Phone,Qualcomm MSM8953,1080x1920,480,armeabi;armeabi-v7a,25;27,3.2
Motorola,Moto G (5S) Plus,sanders_nt,2857-2879MB,Phone,Qualcomm MSM8953,1080x1920,480,armeabi;armeabi-v7a,25;27,3.2
Motorola,moto g power,sofia,3645-3663MB,Phone,Qualcomm SM6125,1080x2300,420,arm64-v8a;armeabi;armeabi-v7a,29;30,3.2
Motorola,moto g stylus,sofiap,3645-3663MB,Phone,Qualcomm SM6125,1080x2300,420,arm64-v8a;armeabi;armeabi-v7a,29;30,3.2
Motorola,moto g pro,sofiap_sprout,3663-3675MB,Phone,Qualcomm SM6125,1080x2300,420,arm64-v8a;armeabi;armeabi-v7a,29;30,3.2
Motorola,moto g(8) power,sofiar,3663-3675MB,Phone,Qualcomm SM6125,1080x2300,420,arm64-v8a;armeabi;armeabi-v7a,29;30,3.2
Motorola,motorola one action,troika,3727-3742MB,Phone,Samsung Exynos 9609,1080x2520,480,arm64-v8a;armeabi;armeabi-v7a,28;29,3.2
Motorola,motorola one action,troika_sprout,3727-3742MB,Phone,Samsung Exynos 9609,1080x2520,480,arm64-v8a;armeabi;armeabi-v7a,28;29,3.2
Nokia,Nokia 8 Sirocco,A1N_sprout,5710-5718MB,Phone,Qualcomm MSM8998,1440x2560,560,arm64-v8a;armeabi;armeabi-v7a,26;27;28;29,3.2
Nokia,Nokia 7 plus,B2N_sprout,3720-3730MB,Phone,Qualcomm SDM660,1080x2160,420,arm64-v8a;armeabi;armeabi-v7a,26;27;28;29,3.2
Nokia,Nokia 8.3 5G,BGT,7484-7486MB,Phone,Qualcomm SM7250,1080x2400,400,arm64-v8a;armeabi;armeabi-v7a,29;30,3.2
Nokia,Nokia 8.3 5G,BGT_sprout,5485-7486MB,Phone,Qualcomm SM7250,1080x2400,400,arm64-v8a;armeabi;armeabi-v7a,29;30,3.2
Nokia,Nokia 7.1,CTL_sprout,3728-3735MB,Phone,Qualcomm SDM636,1080x2280,420,arm64-v8a;armeabi;armeabi-v7a,27;28;29,3.2
Nokia,Nokia 7.2,DDVA_sprout,5737MB,Phone,Qualcomm SDM660,1080x2340;2340x1080,420,arm64-v8a;armeabi;armeabi-v7a,28;29,3.2
Nokia,Nokia 7.2,DDV_sprout,3739-5737MB,Phone,Qualcomm SDM660,1080x2340,420,arm64-v8a;armeabi;armeabi-v7a,28;29,3.2
Nokia,Nokia 5.4,DRDA_sprout,3674MB,Phone,Qualcomm SM6115,720x1560,280,arm64-v8a;armeabi;armeabi-v7a,29,3.2
Nokia,Nokia 5.4,DRD_sprout,3674MB,Phone,Qualcomm SM6115,720x1560,280,arm64-v8a;armeabi;armeabi-v7a,29,3.2
Nokia,Nokia 6.1 Plus,DRG_sprout,3728-3735MB,Phone,Qualcomm SDM636,1080x2280,420,arm64-v8a;armeabi;armeabi-v7a,27;28;29,3.2
Nokia,Nokia 3.4,DRSA_sprout,3674MB,Phone,Qualcomm SDM425,720x1560,280,arm64-v8a;armeabi;armeabi-v7a,29,3.2
Nokia,Nokia 3.4,DRS_sprout,2658-2675MB,Phone,Qualcomm SDM425,720x1560,280,arm64-v8a;armeabi;armeabi-v7a,29,3.2
Nokia,Nokia 8,NB1,3712-3723MB,Phone,Qualcomm MSM8998,1440x2560,560,arm64-v8a;armeabi;armeabi-v7a,25;26;27;28,3.2
Nokia,Nokia 6.1,PL2_sprout,2723-2733MB,Phone,Qualcomm SDM630,1080x1920,420,arm64-v8a;armeabi;armeabi-v7a,26;27;28;29,3.2
Nokia,Nokia 8.1,PNX_sprout,3686-3693MB,Phone,Qualcomm SDM710,1080x2246,420,arm64-v8a;armeabi;armeabi-v7a,27;28;29,3.2
Nokia,Nokia 8 V 5G UW,RAV_VZW,5487MB,Phone,Qualcomm SM7250,1080x2400,400,arm64-v8a;armeabi;armeabi-v7a,29,3.2
Nokia,Nokia 6.2,SLDA_sprout,3744MB,Phone,Qualcomm SDM636,1080x2340,420,arm64-v8a;armeabi;armeabi-v7a,28;29,3.2
Nokia,Nokia 6.2,SLD_sprout,3744MB,Phone,Qualcomm SDM636,1080x2340;2340x1080,420,arm64-v8a;armeabi;armeabi-v7a,28;29,3.2
OnePlus,OnePlus Nord,Nord,7438-11428MB,Phone,Qualcomm SM7250,1080x2400,420;450,arm64-v8a;armeabi;armeabi-v7a,29;30,3.2
OnePlus,OnePlus 7 Pro,OP7ProNRSpr,7401-7402MB,Phone,Qualcomm SM8150,1440x3120,560,arm64-v8a;armeabi;armeabi-v7a,28;29,3.2
OnePlus,OnePlus3T,OnePlus3T,4095-5742MB,Phone,Qualcomm MSM8996,1080x1920,420;480,arm64-v8a;armeabi;armeabi-v7a,23;24;25;26;28,3.1;3.2
OnePlus,OnePlus5,OnePlus5,4095-5714MB,Phone,Qualcomm MSM8998,1080x1920,420,arm64-v8a;armeabi;armeabi-v7a,25;26;27;28;29,3.2
OnePlus,OnePlus5T,OnePlus5T,5711-5719MB,Phone,Qualcomm MSM8998,1080x2160,420,arm64-v8a;armeabi;armeabi-v7a,25;26;27;28;29,3.2
OnePlus,OnePlus 6,OnePlus6,5632-7662MB,Phone,Qualcomm SDM845,1080x2280,420,arm64-v8a;armeabi;armeabi-v7a,27;28;29,3.2
OnePlus,OnePlus6T,OnePlus6T,5633-7636MB,Phone,Qualcomm SDM845,1080x2340,420,arm64-v8a;armeabi;armeabi-v7a,28;29,3.2
OnePlus,OnePlus6T,OnePlus6TSingle,7636-7640MB,Phone,Qualcomm SDM845,1080x2340,420,arm64-v8a;armeabi;armeabi-v7a,28;29,3.2
OnePlus,OnePlus 7,OnePlus7,5474-7478MB,Phone,Qualcomm SM8150,1080x2340,420;450,arm64-v8a;armeabi;armeabi-v7a,28;29;30,3.2
OnePlus,OnePlus 7 Pro,OnePlus7Pro,5479-11459MB,Phone,Qualcomm SM8150,1440x3120,560;600,arm64-v8a;armeabi;armeabi-v7a,28;29;30,3.2
OnePlus,OnePlus 7 Pro 5G,OnePlus7ProNR,7401-7402MB,Phone,Qualcomm SM8150,1440x3120,560,arm64-v8a;armeabi;armeabi-v7a,28;29,3.2
OnePlus,OnePlus 7 Pro,OnePlus7ProTMO,7473-7478MB,Phone,Qualcomm SM8150,1080x2340;1440x3120,450;560,arm64-v8a;armeabi;armeabi-v7a,28;29;30,3.2
OnePlus,OnePlus 7T,OnePlus7T,7473-7477MB,Phone,Qualcomm SM8150P,1080x2400,420;450,arm64-v8a;armeabi;armeabi-v7a,29;30,3.2
OnePlus,OnePlus 7T Pro,OnePlus7TPro,7473-7477MB,Phone,Qualcomm SM8150P,1440x3120,560;600,arm64-v8a;armeabi;armeabi-v7a,29;30,3.2
OnePlus,OnePlus 7T Pro 5G,OnePlus7TProNR,11555-11562MB,Phone,Qualcomm SM8150P,1080x2340;1440x3120,450;560,arm64-v8a;armeabi;armeabi-v7a,29;30,3.2
OnePlus,OnePlus 7T,OnePlus7TTMO,7473-7477MB,Phone,Qualcomm SM8150P,1080x2400,420;450,arm64-v8a;armeabi;armeabi-v7a,29;30,3.2
OnePlus,OnePlus 8,OnePlus8,7521-11582MB,Phone,Qualcomm SM8250,1080x2400,420;450,arm64-v8a;armeabi;armeabi-v7a,29;30,3.2
OnePlus,OnePlus 8 Pro,OnePlus8Pro,7521-11582MB,Phone,Qualcomm SM8250,1080x2376,400;450,arm64-v8a;armeabi;armeabi-v7a,29;30,3.2
OnePlus,OnePlus 8T,OnePlus8T,7521-11491MB,Phone,Qualcomm SM8250,1080x2400,450,arm64-v8a;armeabi;armeabi-v7a,30,3.2
OnePlus,OnePlus 8 5G ,OnePlus8TMO,7521-7616MB,Phone,Qualcomm SM8250,1080x2400,420;450,arm64-v8a;armeabi;armeabi-v7a,29;30,3.2
OnePlus,OnePlus 8T+ 5G,OnePlus8TTMO,11491MB,Phone,Qualcomm SM8250,1080x2400,450,arm64-v8a;armeabi;armeabi-v7a,30,3.2
OnePlus,OnePlus 8 5G UW,OnePlus8VZW,7521-7616MB,Phone,Qualcomm SM8250,1080x2400,420;450,arm64-v8a;armeabi;armeabi-v7a,29;30,3.2
OnePlus,OnePlus Nord N10 5G,OnePlusN10,5459MB,Phone,Qualcomm SM6350,1080x2400,420,arm64-v8a;armeabi;armeabi-v7a,29,3.2
OnePlus,OnePlus Nord N10 5G,OnePlusN10METRO,5459MB,Phone,Qualcomm SM6350,1080x2400,420,arm64-v8a;armeabi;armeabi-v7a,29,3.2
OnePlus,OnePlus Nord N10 5G,OnePlusN10TMO,5459MB,Phone,Qualcomm SM6350,1080x2400,420,arm64-v8a;armeabi;armeabi-v7a,29,3.2
Oppo,R17 Pro,CPH1877,5619-5622MB,Phone,Qualcomm SDM710,1080x1920;1080x2340,480,arm64-v8a;armeabi;armeabi-v7a,27;28;29,3.2
Oppo,K3,OP4679,5622-7625MB,Phone,Qualcomm SDM710,1080x2340,480,arm64-v8a;armeabi;armeabi-v7a,28;29,3.2
Oppo,Reno Z 中国版,OP4699,5594-5624MB,Phone,Mediatek MT6779p90,1080x2340,480,arm64-v8a;armeabi;armeabi-v7a,28;29;30,3.2
Oppo,Reno 标准版,OP46B1,3950-5621MB,Phone,Qualcomm SDM710,1080x2340,480,arm64-v8a;armeabi;armeabi-v7a,28;29,3.2
Oppo,Reno 10倍变焦版,OP46C3,5477-5535MB,Phone,Qualcomm SM8150,1080x2340,480,arm64-v8a;armeabi;armeabi-v7a,28;29;30,3.2
Oppo,Reno A,OP47CFL1,5622MB,Phone,Qualcomm SDM710,1080x2340,480,arm64-v8a;armeabi;armeabi-v7a,28,3.2
Oppo,Reno,OP47DD,5621-5622MB,Phone,Qualcomm SDM710,1080x2340,480,arm64-v8a;armeabi;armeabi-v7a,28;29,3.2
Oppo,Reno,OP47DDL1,5621-5622MB,Phone,Qualcomm SDM710,1080x2340,480,arm64-v8a;armeabi;armeabi-v7a,28;29,3.2
Oppo,Reno 10x Zoom,OP4845,5477-7534MB,Phone,Qualcomm SM8150,1080x2340,480,arm64-v8a;armeabi;armeabi-v7a,28;29;30,3.2
Oppo,Reno 10x Zoom,OP4845L1,7529-11462MB,Phone,Qualcomm SM8150,1080x2340,480,arm64-v8a;armeabi;armeabi-v7a,28;29;30,3.2
Oppo,Reno 10x room,OP4847,7453-7458MB,Phone,Qualcomm SM8150,1080x2340,480,arm64-v8a;armeabi;armeabi-v7a,28;29,3.2
Oppo,Reno 10x Room,OP4847L1,7453-7458MB,Phone,Qualcomm SM8150,1080x2340,480,arm64-v8a;armeabi;armeabi-v7a,28;29,3.2
Oppo,F11 Pro,OP4863,5652-5696MB,Phone,Mediatek MT6771,1080x2340,480,arm64-v8a;armeabi;armeabi-v7a,28;29;30,3.2
Oppo,K3,OP486B,5621-5622MB,Phone,Qualcomm SDM710,1080x2340,480,arm64-v8a;armeabi;armeabi-v7a,28;29,3.2
Oppo,Reno Z,OP48A1,3577-7640MB,Phone,Mediatek MT6779p90,1080x2340,480,arm64-v8a;armeabi;armeabi-v7a,28;29;30,3.2
Oppo,Reno Z,OP48A1L1,3577-3614MB,Phone,Mediatek MT6779p90,1080x2340,480,arm64-v8a;armeabi;armeabi-v7a,28;29;30,3.2
Oppo,Reno2 Z 中国版,OP4A43,7603-7623MB,Phone,Mediatek MT6779p90,1080x2340,480,arm64-v8a;armeabi;armeabi-v7a,28;29;30,3.2
Oppo,Reno4 中国版,OP4A47,7402-7411MB,Phone,Qualcomm SM7250,1080x2400,480,arm64-v8a;armeabi;armeabi-v7a,29;30,3.2
Oppo,Reno 2 中国版,OP4A57,7551-7577MB,Phone,Qualcomm SM7150,1080x2400,480,arm64-v8a;armeabi;armeabi-v7a,28;29;30,3.2
Oppo,Find X2 中国版,OP4A77,7509-7540MB,Phone,Qualcomm SM8250,1440x3168,560;640,arm64-v8a;armeabi;armeabi-v7a,29;30,3.2
Oppo,Find X2 Pro 中国版,OP4A7A,11515-11526MB,Phone,Qualcomm SM8250,1440x3168,560;640,arm64-v8a;armeabi;armeabi-v7a,29;30,3.2
Oppo,Reno Ace,OP4A89,7491-7501MB,Phone,Qualcomm SM8150,1080x2400,480,arm64-v8a;armeabi;armeabi-v7a,28;29;30,3.2
Oppo,Reno3 Pro 5G中国版,OP4A9D,7401-7411MB,Phone,Qualcomm SM7250,1080x2400,480,arm64-v8a;armeabi;armeabi-v7a,29;30,3.2
Oppo,K5,OP4AA7,5552-7563MB,Phone,Qualcomm SM7150,1080x2340,480,arm64-v8a;armeabi;armeabi-v7a,28;29;30,3.2
Oppo,Reno3 元气版 5G,OP4AB5,7402-7411MB,Phone,Qualcomm SM7250,1080x2400,480,arm64-v8a;armeabi;armeabi-v7a,29;30,3.2
Oppo,Reno Ace2,OP4AD9,7529-7540MB,Phone,Qualcomm SM8250,1080x2400,480,arm64-v8a;armeabi;armeabi-v7a,29;30,3.2
Oppo,A52 中国版,OP4AE7,7618-7633MB,Phone,Qualcomm SM6125,1080x2400,480,arm64-v8a;armeabi;armeabi-v7a,29;30,3.2
Oppo,Reno4 Pro 中国版,OP4AF7,7402-11397MB,Phone,Qualcomm SM7250,1080x2400,480,arm64-v8a;armeabi;armeabi-v7a,29;30,3.2
Oppo,Reno2 Z,OP4B65L1,7603-7623MB,Phone,Mediatek MT6779p90,1080x2340,480,arm64-v8a;armeabi;armeabi-v7a,28;29;30,3.2
Oppo,Reno 2,OP4B83L1,7551-7577MB,Phone,Qualcomm SM7150,1080x2400,480,arm64-v8a;armeabi;armeabi-v7a,28;29;30,3.2
Oppo,Reno3,OP4B9EL1,7614-7625MB,Phone,Mediatek MT6779p90,1080x2400,480,arm64-v8a;armeabi;armeabi-v7a,29;30,3.2
Oppo,Find X2,OP4BA1L1,11495-11526MB,Phone,Qualcomm SM8250,1440x3168,560;640,arm64-v8a;armeabi;armeabi-v7a,29;30,3.2
Oppo,Find X2 Pro,OP4BA2L1,11515-11526MB,Phone,Qualcomm SM8250,1440x3168,560;640,arm64-v8a;armeabi;armeabi-v7a,29;30,3.2
Oppo,Reno3 A,OP4BAFL1,5546-5567MB,Phone,Qualcomm SM6125,1080x2400,480,arm64-v8a;armeabi;armeabi-v7a,29;30,3.2
Oppo,Reno 4Z 5G,OP4BDCL1,7403-7497MB,Phone,Mediatek MT6873,1080x2400,480,arm64-v8a;armeabi;armeabi-v7a,29;30,3.2
Oppo,Find X2 Neo/Reno3 Pro ,OP4C2DL1,7401-11397MB,Phone,Qualcomm SM7250,1080x2400,480,arm64-v8a;armeabi;armeabi-v7a,29;30,3.2
Oppo,Find X2 Lite,OP4C41L1,7402-7411MB,Phone,Qualcomm SM7250,1080x2400,480,arm64-v8a;armeabi;armeabi-v7a,29;30,3.2
Oppo,Reno4 5G,OP4C45L1,7402-7411MB,Phone,Qualcomm SM7250,1080x2400,480,arm64-v8a;armeabi;armeabi-v7a,29;30,3.2
Oppo,A93,OP4C51L1,7450-7612MB,Phone,Mediatek MT6779p95,1080x2400;2400x1080,480,arm64-v8a;armeabi;armeabi-v7a,29;30,3.2
Oppo,Reno3 Pro,OP4C5FL1,7614-7625MB,Phone,Mediatek MT6779p95,1080x2400,480,arm64-v8a;armeabi;armeabi-v7a,29;30,3.2
Oppo,A72,OP4C72L1,3626-7633MB,Phone,Qualcomm SM6125,1080x2400,480,arm64-v8a;armeabi;armeabi-v7a,29;30,3.2
Oppo,A52,OP4C77L1,3641-5619MB,Phone,Qualcomm SM6125,1080x2400,480,arm64-v8a;armeabi;armeabi-v7a,29;30,3.2
Oppo,A52,OP4C7BL1,3626-3641MB,Phone,Qualcomm SM6125,1080x2400,480,arm64-v8a;armeabi;armeabi-v7a,29;30,3.2
Oppo,Reno4 Pro 5G,OP4C87L1,11388-11397MB,Phone,Qualcomm SM7250,1080x2400,480,arm64-v8a;armeabi;armeabi-v7a,29;30,3.2
Oppo,Reno5,OP4F25L1,7462-7465MB,Phone,Qualcomm SM7125,1080x2400,480,arm64-v8a;armeabi;armeabi-v7a,30,3.2
Oppo,A94,OP4F43L1,5595-7611MB,Phone,Mediatek MT6779p95,1080x2400,480,arm64-v8a;armeabi;armeabi-v7a,30,3.2
Oppo,Find X3 Pro,OP4F57L1,11266MB,Phone,Qualcomm SM8350,1080x2412,480,arm64-v8a;armeabi;armeabi-v7a,30,3.2
Oppo,realme X青春版,RMX1851CN,3658-5656MB,Phone,Qualcomm SDM710,1080x2340,480,arm64-v8a;armeabi;armeabi-v7a,28;29,3.2
Oppo,realme 3Pro,RMX1853,5656MB,Phone,Qualcomm SDM710,1080x2340,480,arm64-v8a;armeabi;armeabi-v7a,28;29,3.2
Oppo,realme X,RMX1901CN,3623-3624MB,Phone,Qualcomm SDM710,1080x2340,480,arm64-v8a;armeabi;armeabi-v7a,28;29,3.2
Oppo,realme 5,RMX1911,2654-3641MB,Phone,Qualcomm SM6125,720x1600,320,arm64-v8a;armeabi;armeabi-v7a,28;29,3.2
POCO,POCO M2 Pro,gram,5580-5582MB,Phone,Qualcomm SM7125,1080x2400,440,arm64-v8a;armeabi;armeabi-v7a,29;30,3.2
POCO,POCO X3,karna,5608-7628MB,Phone,Qualcomm SM7150,1080x2400,440,arm64-v8a;armeabi;armeabi-v7a,29;30,3.2
POCO,POCO F2 Pro,lmi,5624-7642MB,Phone,Qualcomm SM8250,1080x2400,440,arm64-v8a;armeabi;armeabi-v7a,29;30,3.2
POCO,POCO X2,phoenixin,5557-5568MB,Phone,Qualcomm SM7150,1080x2400,440,arm64-v8a;armeabi;armeabi-v7a,29;30,3.2
POCO,POCO X3 NFC,surya,5608-7607MB,Phone,Qualcomm SM7150,1080x2400,440,arm64-v8a;armeabi;armeabi-v7a,29;30,3.2
Realme,realme 7i,RE50C1,3605-7607MB,Phone,Qualcomm SM6115,720x1600,320,arm64-v8a;armeabi;armeabi-v7a,29;30,3.2
Realme,realme 3Pro,RMX1851,3658-5656MB,Phone,Qualcomm SDM710,1080x2340,480,arm64-v8a;armeabi;armeabi-v7a,28;29,3.2
Realme,realme 5,RMX1911L1,3641-3653MB,Phone,Qualcomm SM6125,720x1600,320,arm64-v8a;armeabi;armeabi-v7a,28;29,3.2
Realme,realme 5,RMX1919,2642-2654MB,Phone,Qualcomm SM6125,720x1600,320,arm64-v8a;armeabi;armeabi-v7a,28;29,3.2
Realme,realme XT,RMX1921,3618-7620MB,Phone,Qualcomm SDM712,1080x2340,480,arm64-v8a;armeabi;armeabi-v7a,28;29,3.2
Realme,realme XT,RMX1921L1,7620MB,Phone,Qualcomm SDM712,1080x2340,480,arm64-v8a;armeabi;armeabi-v7a,28;29,3.2
Realme,realme 5,RMX1927,2642-3641MB,Phone,Qualcomm SM6125,720x1600,320,arm64-v8a;armeabi;armeabi-v7a,28;29,3.2
Realme,realme X2Pro,RMX1931CN,7491-11484MB,Phone,Qualcomm SM8150,1080x2400,480,arm64-v8a;armeabi;armeabi-v7a,28;29;30,3.2
Realme,realme X2Pro,RMX1931L1,7491-11477MB,Phone,Qualcomm SM8150,1080x2400,480,arm64-v8a;armeabi;armeabi-v7a,28;29;30,3.2
Realme,realme 5Pro,RMX1971,3657-3658MB,Phone,Qualcomm SDM712,1080x2340,480,arm64-v8a;armeabi;armeabi-v7a,28;29,3.2
Realme,realme Q,RMX1971CN,3657-3658MB,Phone,Qualcomm SDM712,1080x2340,480,arm64-v8a;armeabi;armeabi-v7a,28;29,3.2
Realme,realme 5Pro,RMX1971L1,3657-7660MB,Phone,Qualcomm SDM712,1080x2340,480,arm64-v8a;armeabi;armeabi-v7a,28;29,3.2
Realme,realme 5pro,RMX1973,7659-7660MB,Phone,Qualcomm SDM712,1080x2340,480,arm64-v8a;armeabi;armeabi-v7a,28;29,3.2
Realme,realme X2,RMX1991CN,5598-5612MB,Phone,Qualcomm SM7150,1080x2340,480,arm64-v8a;armeabi;armeabi-v7a,28;29,3.2
Realme,realme X2,RMX1992L1,3619-7597MB,Phone,Qualcomm SM7150,1080x2340,480,arm64-v8a;armeabi;armeabi-v7a,28;29;30,3.2
Realme,realme X2,RMX1993L1,7597-7611MB,Phone,Qualcomm SM7150,1080x2340,480,arm64-v8a;armeabi;armeabi-v7a,28;29,3.2
Realme,realme 6,RMX2001L1,3689-5699MB,Phone,Mediatek MT6785T,1080x2400,480,arm64-v8a;armeabi;armeabi-v7a,29,3.2
Realme,realme 6,RMX2002L1,3689-5699MB,Phone,Mediatek MT6785T,1080x2400,480,arm64-v8a;armeabi;armeabi-v7a,29,3.2
Realme,realme 6,RMX2003L1,7715MB,Phone,Mediatek MT6785T,1080x2400,480,arm64-v8a;armeabi;armeabi-v7a,29,3.2
Realme,realme 6Pro,RMX2061L1,5578-5579MB,Phone,Qualcomm SM7125,1080x2400,480,arm64-v8a;armeabi;armeabi-v7a,29;30,3.2
Realme,realme 6Pro,RMX2063L1,7500-7577MB,Phone,Qualcomm SM7125,1080x2400,480,arm64-v8a;armeabi;armeabi-v7a,29;30,3.2
Realme,realme X50 Pro,RMX2075L1,7529-11525MB,Phone,Qualcomm SM8250,1080x2400,480,arm64-v8a;armeabi;armeabi-v7a,29;30,3.2
Realme,realme X50 Pro,RMX2076L1,7529-7539MB,Phone,Qualcomm SM8250,1080x2400,480,arm64-v8a;armeabi;armeabi-v7a,29;30,3.2
Realme,realme X3,RMX2081L1,7491-7498MB,Phone,Qualcomm SM8150,1080x2400,480,arm64-v8a;armeabi;armeabi-v7a,29;30,3.2
Realme,realme X3,RMX2083L1,7491-7498MB,Phone,Qualcomm SM8150,1080x2400,480,arm64-v8a;armeabi;armeabi-v7a,29;30,3.2
Realme,realme X3,RMX2085L1,7491-7498MB,Phone,Qualcomm SM8150,1080x2400,480,arm64-v8a;armeabi;armeabi-v7a,29;30,3.2
Realme,realme X3,RMX2086L1,7491-11484MB,Phone,Qualcomm SM8150,1080x2400,480,arm64-v8a;armeabi;armeabi-v7a,29;30,3.2
Realme,realme X50 5G,RMX2144L1,5399-7411MB,Phone,Qualcomm SM7250,1080x2400,480,arm64-v8a;armeabi;armeabi-v7a,29;30,3.2
Realme,realme 7 Pro,RMX2170L1,5552-7580MB,Phone,Qualcomm SM7125,1080x2400,480,arm64-v8a;armeabi;armeabi-v7a,29;30,3.2
Redmi,Redmi K30S Ultra,apollo,7612-7642MB,Phone,Qualcomm SM8250,1080x2400,440,arm64-v8a;armeabi;armeabi-v7a,29;30,3.2
Redmi,Redmi Note 8 Pro,begonia,5498-5676MB,Phone,Mediatek MT6785T,1080x2340,440,arm64-v8a;armeabi;armeabi-v7a,28;29,3.2
Redmi,Redmi Note 8 pro,begoniain,5498-5676MB,Phone,Mediatek MT6785T,1080x2340,440,arm64-v8a;armeabi;armeabi-v7a,28;29,3.2
Redmi,Redmi Note 9,cannon,7529-7542MB,Phone,Mediatek MT6853V/ZA,1080x2340,440,arm64-v8a;armeabi;armeabi-v7a,29;30,3.2
Redmi,Redmi Note 9S,curtana,3587-5582MB,Phone,Qualcomm SM7125,1080x2400,440,arm64-v8a;armeabi;armeabi-v7a,29;30,3.2
Redmi,Redmi K20,davinciin,5557-5600MB,Phone,Qualcomm SM7150,1080x2340,440,arm64-v8a;armeabi;armeabi-v7a,28;29;30,3.2
Redmi,Redmi Note 9 Pro Max,excalibur,5580-5582MB,Phone,Qualcomm SM7125,1080x2400,440,arm64-v8a;armeabi;armeabi-v7a,29;30,3.2
Redmi,Redmi K40 Pro +,haydn,7342MB,Phone,Qualcomm SM8350,1080x2400,440,arm64-v8a;armeabi;armeabi-v7a,30,3.2
Redmi,Redmi Note 9 Pro,joyeuse,5580-7581MB,Phone,Qualcomm SM7125,1080x2400,440,arm64-v8a;armeabi;armeabi-v7a,29;30,3.2
Redmi,Redmi  Note  7,lavender,2732-3736MB,Phone,Qualcomm SDM660,1080x2340,440,arm64-v8a;armeabi;armeabi-v7a,28;29,3.2
Redmi,K30 PRO,lmi,7623-7642MB,Phone,Qualcomm SM8250,1080x2400,440,arm64-v8a;armeabi;armeabi-v7a,29;30,3.2
Redmi,Redmi K30,phoenix,7556-7567MB,Phone,Qualcomm SM7150,1080x2400,440,arm64-v8a;armeabi;armeabi-v7a,29;30,3.2
Redmi,Redmi K20 Pro,raphael,5503-5523MB,Phone,Qualcomm SDM855,1080x2340,440,arm64-v8a;armeabi;armeabi-v7a,28;29,3.2
Redmi,Mi  9T  Pro,raphaelin,5503-5523MB,Phone,Qualcomm SDM855,1080x2340,440,arm64-v8a;armeabi;armeabi-v7a,28;29,3.2
Redmi,Redmi Note 10,sunny,3591MB,Phone,Qualcomm SM6150,1080x2400,440,arm64-v8a;armeabi;armeabi-v7a,30,3.2
Redmi,Redmi Note 8T,willow,2645-3644MB,Phone,Qualcomm SM6125,1080x2340,440,arm64-v8a;armeabi;armeabi-v7a,28;29;30,3.2
Samsung,Galaxy Note8,SC-01K,5214-5228MB,Phone,Qualcomm MSM8998,1080x2009;1080x2220,420,arm64-v8a;armeabi;armeabi-v7a,25;26;28,3.2
Samsung,Galaxy Note9,SC-01L,5576-5580MB,Phone,Qualcomm SDM845,1080x2009;1080x2220,420,arm64-v8a;armeabi;armeabi-v7a,27;28;29,3.2
Samsung,Galaxy Note10+,SC-01M,11436-11446MB,Phone,Qualcomm SM8150,1080x2009;1080x2280,420,arm64-v8a;armeabi;armeabi-v7a,28;29;30,3.2
Samsung,Galaxy S7 Edge,SC-02H,3415-3720MB,Phone,Qualcomm MSM8996,1080x1920;1440x2560,480;640,arm64-v8a;armeabi;armeabi-v7a,23;24;26,3.1;3.2
Samsung,Galaxy S8,SC-02J,3346-3362MB,Phone,Qualcomm MSM8998,1080x2009;1080x2220,480,arm64-v8a;armeabi;armeabi-v7a,24;26;28,3.2
Samsung,Galaxy S9,SC-02K,3271-3581MB,Phone,Qualcomm SDM845,1080x2009;1080x2220,480,arm64-v8a;armeabi;armeabi-v7a,26;28;29,3.2
Samsung,Galaxy Feel2,SC-02L,3665-3699MB,Phone,Samsung Exynos 7885,720x1339;720x1480,320,arm64-v8a;armeabi;armeabi-v7a,27;28;29,3.2
Samsung,Galaxy A20,SC-02M,2721-2725MB,Phone,Samsung Exynos 7884B,720x1560,320,arm64-v8a;armeabi;armeabi-v7a,28;29,3.2
Samsung,Galaxy S8+,SC-03J,3347-3363MB,Phone,Qualcomm MSM8998,1080x2009;1080x2220,420,arm64-v8a;armeabi;armeabi-v7a,24;26;28,3.2
Samsung,Galaxy S9+,SC-03K,5009-5579MB,Phone,Qualcomm SDM845,1080x2009;1080x2220,420,arm64-v8a;armeabi;armeabi-v7a,26;28;29,3.2
Samsung,Galaxy S10,SC-03L,7459-7477MB,Phone,Qualcomm SM8150,1080x2009;1080x2280,420,arm64-v8a;armeabi;armeabi-v7a,28;29;30,3.2
Samsung,Galaxy S10+,SC-04L,7459-7477MB,Phone,Qualcomm SM8150,1080x2009;1080x2280,420,arm64-v8a;armeabi;armeabi-v7a,28;29;30,3.2
Samsung,Galaxy S10+ Olympic Games Edition,SC-05L,7459-7477MB,Phone,Qualcomm SM8150,1080x2009;1080x2280,420,arm64-v8a;armeabi;armeabi-v7a,28;29;30,3.2
Samsung,Galaxy A41,SC-41A,3689MB,Phone,Mediatek MT6768,1080x2400,420,arm64-v8a;armeabi;armeabi-v7a,29,3.2
Samsung,Galaxy S20 5G,SC-51A,10537-10546MB,Phone,Qualcomm SM8250,1080x2009;1080x2400,480,arm64-v8a;armeabi;armeabi-v7a,29;30,3.2
Samsung,Galaxy S20+ 5G,SC-52A,10537-10546MB,Phone,Qualcomm SM8250,1080x2009;1080x2400,450,arm64-v8a;armeabi;armeabi-v7a,29;30,3.2
Samsung,Galaxy Note20 Ultra 5G,SC-53A,10536-10544MB,Phone,Qualcomm SM8250Pro,1080x2316,420,arm64-v8a;armeabi;armeabi-v7a,29;30,3.2
Samsung,Galaxy A51 5G,SC-54A,5419MB,Phone,Qualcomm SM7250,1080x2400,420,arm64-v8a;armeabi;armeabi-v7a,29,3.2
Samsung,Galaxy S20 5G,SC51Aa,10537MB,Phone,Qualcomm SM8250,1080x2009,480,arm64-v8a;armeabi;armeabi-v7a,30,3.2
Samsung,Galaxy S20 5G,SCG01,10537-10546MB,Phone,Qualcomm SM8250,1080x2009;1080x2400,480,arm64-v8a;armeabi;armeabi-v7a,29;30,3.2
Samsung,Galaxy S20+ 5G,SCG02,10537-10546MB,Phone,Qualcomm SM8250,1080x2009;1080x2400,450,arm64-v8a;armeabi;armeabi-v7a,29;30,3.2
Samsung,Galaxy S20 Ultra 5G,SCG03,10538-10547MB,Phone,Qualcomm SM8250,1080x2009;1080x2400,420,arm64-v8a;armeabi;armeabi-v7a,29;30,3.2
Samsung,Galaxy Z Flip 5G,SCG04,7578-7588MB,Phone,Qualcomm SM8250Pro,1080x2009;1080x2636,480,arm64-v8a;armeabi;armeabi-v7a,29;30,3.2
Samsung,Galaxy Note20 Ultra 5G,SCG06,10536-10544MB,Phone,Qualcomm SM8250Pro,1080x2009;1080x2316,420,arm64-v8a;armeabi;armeabi-v7a,29;30,3.2
Samsung,Galaxy A51 5G,SCG07,5419MB,Phone,Qualcomm SM7250,1080x2400,420,arm64-v8a;armeabi;armeabi-v7a,29,3.2
Samsung,Galaxy A32 5G,SCG08,3544MB,Phone,Mediatek MT6853V/NZA,720x1339,300,arm64-v8a;armeabi;armeabi-v7a,30,3.2
Samsung,Galaxy S7 Edge,SCV33,3392-3420MB,Phone,Qualcomm MSM8996,1080x1920;1440x2560,480;640,arm64-v8a;armeabi;armeabi-v7a,23;24;26,3.1;3.2
Samsung,Galaxy S8+,SCV35,3347-3363MB,Phone,Qualcomm MSM8998,1080x2220,420,arm64-v8a;armeabi;armeabi-v7a,24;26;28,3.2
Samsung,Galaxy S8,SCV36,3346-3361MB,Phone,Qualcomm MSM8998,1080x2009;1080x2220,480,arm64-v8a;armeabi;armeabi-v7a,24;26;28,3.2
Samsung,Galaxy Note8,SCV37,5214-5228MB,Phone,Qualcomm MSM8998,1080x2009;1080x2220,420,arm64-v8a;armeabi;armeabi-v7a,25;26;28,3.2
Samsung,Galaxy S9,SCV38,3271-3581MB,Phone,Qualcomm SDM845,1080x2009;1080x2220,480,arm64-v8a;armeabi;armeabi-v7a,26;28;29,3.2
Samsung,Galaxy S9+,SCV39,5009-5579MB,Phone,Qualcomm SDM845,1080x2009;1080x2220,420,arm64-v8a;armeabi;armeabi-v7a,26;28;29,3.2
Samsung,Galaxy Note9,SCV40,5576-5580MB,Phone,Qualcomm SDM845,1080x2009;1080x2220,420,arm64-v8a;armeabi;armeabi-v7a,27;28;29,3.2
Samsung,Galaxy S10,SCV41,7459-7477MB,Phone,Qualcomm SM8150,1080x2009;1080x2280,420,arm64-v8a;armeabi;armeabi-v7a,28;29;30,3.2
Samsung,Galaxy S10+,SCV42,7459-7477MB,Phone,Qualcomm SM8150,1080x2009;1080x2280,420,arm64-v8a;armeabi;armeabi-v7a,28;29;30,3.2
Samsung,Galaxy A30,SCV43,3724-3728MB,Phone,Samsung Exynos 7904,1080x2340,420,arm64-v8a;armeabi;armeabi-v7a,28;29,3.2
Samsung,Galaxy A30,SCV43-j,3724-3728MB,Phone,Samsung Exynos 7904,1080x2340,420,arm64-v8a;armeabi;armeabi-v7a,28;29,3.2
Samsung,Galaxy A30,SCV43-u,3724-3728MB,Phone,Samsung Exynos 7904,1080x2340,420,arm64-v8a;armeabi;armeabi-v7a,28;29,3.2
Samsung,Galaxy Fold,SCV44,11437-11452MB,Phone,Qualcomm SM8150,1536x2152;840x1562,420,arm64-v8a;armeabi;armeabi-v7a,28;29;30,3.2
Samsung,Galaxy Note10+,SCV45,11436-11446MB,Phone,Qualcomm SM8150,1080x2009;1080x2280,420,arm64-v8a;armeabi;armeabi-v7a,28;29;30,3.2
Samsung,Galaxy A20,SCV46,2721-2725MB,Phone,Samsung Exynos 7884B,720x1560,320,arm64-v8a;armeabi;armeabi-v7a,28;29,3.2
Samsung,Galaxy Z Flip,SCV47,7452-7462MB,Phone,Qualcomm SM8150,1080x2009;1080x2636,480,arm64-v8a;armeabi;armeabi-v7a,29;30,3.2
Samsung,Galaxy A41,SCV48,3689MB,Phone,Mediatek MT6768,1080x2400,420,arm64-v8a;armeabi;armeabi-v7a,29,3.2
Samsung,Galaxy A20,a20,2720-2725MB,Phone,Samsung Exynos 7884B,720x1560,280,arm64-v8a;armeabi;armeabi-v7a,28;29,3.2
Samsung,Galaxy A20e,a20e,2721-2725MB,Phone,Samsung Exynos 7884B,720x1560,320,arm64-v8a;armeabi;armeabi-v7a,28;29,3.2
Samsung,Galaxy A20s,a20s,2790-3544MB,Phone,Qualcomm SDM450,1560x720;720x1560,280,arm64-v8a;armeabi;armeabi-v7a,28;29,3.2
Samsung,Galaxy A30,a30,2720-3728MB,Phone,Samsung Exynos 7904,1080x2340,420,arm64-v8a;armeabi;armeabi-v7a,28;29,3.2
Samsung,Galaxy A30s,a30s,2697-3706MB,Phone,Samsung Exynos 7904,720x1560,280,arm64-v8a;armeabi;armeabi-v7a,28;29,3.2
Samsung,Galaxy A31,a31,3690-5700MB,Phone,Mediatek MT6768,1080x2400,420,arm64-v8a;armeabi;armeabi-v7a,29,3.2
Samsung,Galaxy A32,a32,3651-5661MB,Phone,Mediatek MT6769T,1080x2009,420,arm64-v8a;armeabi;armeabi-v7a,30,3.2
Samsung,Galaxy A32 5G,a32x,3544-7570MB,Phone,Mediatek MT6853V/NZA,720x1339,300,arm64-v8a;armeabi;armeabi-v7a,30,3.2
Samsung,Galaxy A3(2017),a3y17lte,1817-1820MB,Phone,Samsung Exynos 7870,1280x720;720x1280,320,armeabi;armeabi-v7a,23;24;26,3.1;3.2
Samsung,Galaxy A40,a40,3723-3748MB,Phone,Samsung Exynos 7904,1080x2009;1080x2340,480,arm64-v8a;armeabi;armeabi-v7a,28;29;30,3.2
Samsung,Galaxy A41,a41,3691MB,Phone,Mediatek MT6768,1080x2400,420,arm64-v8a;armeabi;armeabi-v7a,29,3.2
Samsung,Galaxy A42 5G,a42xq,3436-7459MB,Phone,Qualcomm SM7225,720x1339;720x1600,300,arm64-v8a;armeabi;armeabi-v7a,29;30,3.2
Samsung,Galaxy A42 5G,a42xuq,3428MB,Phone,Qualcomm SM7225,720x1339,300,arm64-v8a;armeabi;armeabi-v7a,30,3.2
Samsung,Galaxy A50,a50,3541-5610MB,Phone,Samsung Exynos 9610,1080x2009;1080x2340,420,arm64-v8a;armeabi;armeabi-v7a,28;29;30,3.2
Samsung,Galaxy A50s,a50s,3586-5610MB,Phone,Samsung Exynos 9611,1080x2009;1080x2340,420,arm64-v8a;armeabi;armeabi-v7a,28;29;30,3.2
Samsung,Galaxy A51,a51,3574-5576MB,Phone,Samsung Exynos 9611,1080x2009;1080x2400,420,arm64-v8a;armeabi;armeabi-v7a,29;30,3.2
Samsung,Galaxy A51 5G,a51x,5292-7333MB,Phone,Samsung Exynos 980,1080x2009;1080x2400,420,arm64-v8a;armeabi;armeabi-v7a,29;30,3.2
Samsung,Galaxy A51 5G,a51xq,5418MB,Phone,Qualcomm SM7250,1080x2009;1080x2400,420,arm64-v8a;armeabi;armeabi-v7a,29;30,3.2
Samsung,Galaxy A52,a52q,3503-7487MB,Phone,Qualcomm SM7125,1080x2009,420,arm64-v8a;armeabi;armeabi-v7a,30,3.2
Samsung,Galaxy A52 5G,a52xq,5419-7414MB,Phone,Qualcomm SM7225,1080x2009,420,arm64-v8a;armeabi;armeabi-v7a,30,3.2
Samsung,Galaxy A5(2017),a5y17lte,2804-2815MB,Phone,Samsung Exynos 7880,1080x1920,480,arm64-v8a;armeabi;armeabi-v7a,23;24;26,3.1;3.2
Samsung,Galaxy A5(2017),a5y17ltecan,2804-2815MB,Phone,Samsung Exynos 7880,1080x1920,480,arm64-v8a;armeabi;armeabi-v7a,23;24;26,3.1;3.2
Samsung,Galaxy A5(2017),a5y17ltektt,2804-2815MB,Phone,Samsung Exynos 7880,1080x1920,480,arm64-v8a;armeabi;armeabi-v7a,23;24;26,3.1;3.2
Samsung,Galaxy A5(2017),a5y17ltelgt,2804-2815MB,Phone,Samsung Exynos 7880,1080x1920,480,arm64-v8a;armeabi;armeabi-v7a,23;24;26,3.1;3.2
Samsung,Galaxy A5(2017),a5y17lteskt,2804-2815MB,Phone,Samsung Exynos 7880,1080x1920,480,arm64-v8a;armeabi;armeabi-v7a,23;24;26,3.1;3.2
Samsung,Galaxy A60,a60q,5514-5543MB,Phone,Qualcomm SM6150,1080x2340;2340x1080,420,arm64-v8a;armeabi;armeabi-v7a,28;29,3.2
Samsung,Galaxy A6,a6elteaio,2678-2718MB,Phone,Samsung Exynos 7884,720x1339;720x1480,320,arm64-v8a;armeabi;armeabi-v7a,26;28;29,3.2
Samsung,Galaxy A6,a6elteatt,2678-2718MB,Phone,Samsung Exynos 7884,720x1480;720x720,320,arm64-v8a;armeabi;armeabi-v7a,26;28;29,3.2
Samsung,Galaxy A6,a6eltemtr,2678-2718MB,Phone,Samsung Exynos 7884,720x1339;720x1480,320,arm64-v8a;armeabi;armeabi-v7a,26;28;29,3.2
Samsung,Galaxy A6,a6eltespr,2678-2718MB,Phone,Samsung Exynos 7884,720x1339;720x1480,320,arm64-v8a;armeabi;armeabi-v7a,26;28;29,3.2
Samsung,Galaxy A6,a6eltetmo,2678-2718MB,Phone,Samsung Exynos 7884,720x1339;720x1480,320,arm64-v8a;armeabi;armeabi-v7a,26;28;29,3.2
Samsung,Galaxy A6,a6elteue,2678-2718MB,Phone,Samsung Exynos 7884,720x1339;720x1480,320,arm64-v8a;armeabi;armeabi-v7a,26;28;29,3.2
Samsung,Galaxy A6,a6lte,2811-3822MB,Phone,Samsung Exynos 7870,720x1339;720x1480,320,armeabi;armeabi-v7a,26;28;29,3.2
Samsung,Galaxy A6,a6lteks,2811-2812MB,Phone,Samsung Exynos 7870,720x1339;720x1480,320,armeabi;armeabi-v7a,26;28;29,3.2
Samsung,Galaxy A70,a70q,5514-7524MB,Phone,Qualcomm SM6150,1080x2009;1080x2400,420,arm64-v8a;armeabi;armeabi-v7a,28;29;30,3.2
Samsung,Galaxy A70s,a70s,7509-7524MB,Phone,Qualcomm SM6150,1080x2400,420,arm64-v8a;armeabi;armeabi-v7a,28;29;30,3.2
Samsung,Galaxy A71,a71,5504-7519MB,Phone,Qualcomm SM7150,1080x2009;1080x2400,420,arm64-v8a;armeabi;armeabi-v7a,29;30,3.2
Samsung,Galaxy A Quantum,a71x,7281-7314MB,Phone,Samsung Exynos 980,1080x2009;1080x2400,420,arm64-v8a;armeabi;armeabi-v7a,29;30,3.2
Samsung,Galaxy A71 5G,a71xq,5418-7413MB,Phone,Qualcomm SM7250,1080x2009;1080x2400,420,arm64-v8a;armeabi;armeabi-v7a,29;30,3.2
Samsung,Galaxy A72,a72q,5492-7487MB,Phone,Qualcomm SM7125,1080x2009,450,arm64-v8a;armeabi;armeabi-v7a,30,3.2
Samsung,Galaxy A7(2017),a7y17lte,2804-2815MB,Phone,Samsung Exynos 7880,1080x1920;1920x1080,420,arm64-v8a;armeabi;armeabi-v7a,23;24;26,3.1;3.2
Samsung,Galaxy A7(2017),a7y17lteskt,2804-2815MB,Phone,Samsung Exynos 7880,1080x1920;1920x1080,420,arm64-v8a;armeabi;armeabi-v7a,24;26;28,3.2
Samsung,Galaxy A7 (2018),a7y18lte,3699-3704MB,Phone,Samsung Exynos 7885,1080x2009;1080x2220,420,arm64-v8a;armeabi;armeabi-v7a,26;28;29,3.2
Samsung,Galaxy A7 (2018),a7y18lteks,3665-3704MB,Phone,Samsung Exynos 7885,1080x2009;1080x2220,420,arm64-v8a;armeabi;armeabi-v7a,26;28;29,3.2
Samsung,Galaxy A7,a7y18ve,3754MB,Phone,Samsung Exynos 7885,1080x2220,420,arm64-v8a;armeabi;armeabi-v7a,28;29,3.2
Samsung,Galaxy S10e,beyond0,5400-5418MB,Phone,Samsung Exynos 9820,1080x2009;1080x2280,480,arm64-v8a;armeabi;armeabi-v7a,28;29;30,3.2
Samsung,Galaxy S10e,beyond0q,5464-5482MB,Phone,Qualcomm SM8150,1080x2009;1080x2280;2280x1080,480,arm64-v8a;armeabi;armeabi-v7a,28;29;30,3.2
Samsung,Galaxy S10,beyond1,7407-7425MB,Phone,Samsung Exynos 9820,1080x2009;1080x2280;2280x1080,420,arm64-v8a;armeabi;armeabi-v7a,28;29;30,3.2
Samsung,Galaxy S10,beyond1q,953-7477MB,Phone,Qualcomm SM8150,1080x2009;1080x2280;2280x1080,420,arm64-v8a;armeabi;armeabi-v7a,28;29;30,3.2
Samsung,Galaxy S10+,beyond2,7407-7425MB,Phone,Samsung Exynos 9820,1080x2009;1080x2280,420,arm64-v8a;armeabi;armeabi-v7a,28;29;30,3.2
Samsung,Galaxy S10+,beyond2q,7459-7477MB,Phone,Qualcomm SM8150,1080x2009;1080x2280;2280x1080,420,arm64-v8a;armeabi;armeabi-v7a,28;29;30,3.2
Samsung,Galaxy S10 5G,beyondx,7277-7295MB,Phone,Samsung Exynos 9820,1080x2009;1080x2280,420,arm64-v8a;armeabi;armeabi-v7a,28;29;30,3.2
Samsung,Galaxy S10 5G,beyondxq,7385-7393MB,Phone,Qualcomm SM8150,1080x2009;1080x2280,420,arm64-v8a;armeabi;armeabi-v7a,28;29;30,3.2
Samsung,Galaxy Z Flip,bloomq,7452-7462MB,Phone,Qualcomm SM8150P,1080x2009;1080x2636,480,arm64-v8a;armeabi;armeabi-v7a,29;30,3.2
Samsung,Galaxy Z Flip 5G,bloomxq,7578-7588MB,Phone,Qualcomm SM8250Pro,1080x2009;1080x2636,480,arm64-v8a;armeabi;armeabi-v7a,29;30,3.2
Samsung,Galaxy Note20 5G,c1q,7582-7590MB,Phone,Qualcomm SM8250Pro,1080x2009;1080x2400,450,arm64-v8a;armeabi;armeabi-v7a,29;30,3.2
Samsung,Galaxy Note20,c1s,7432-7443MB,Phone,Samsung Exynos 990,1080x2009;1080x2400,450,arm64-v8a;armeabi;armeabi-v7a,29;30,3.2
Samsung,Galaxy Note20 Ultra 5G,c2q,10536-10544MB,Phone,Qualcomm SM8250Pro,1080x2316,420,arm64-v8a;armeabi;armeabi-v7a,29;30,3.2
Samsung,Galaxy Note20 Ultra,c2s,7431-10900MB,Phone,Samsung Exynos 990,1080x2316,420,arm64-v8a;armeabi;armeabi-v7a,29;30,3.2
Samsung,Galaxy Note9,crownlte,5616-5623MB,Phone,Samsung Exynos 9810,1080x2009;1080x2220,420,arm64-v8a;armeabi;armeabi-v7a,27;28;29,3.2
Samsung,Galaxy Note9,crownlteks,5615-5622MB,Phone,Samsung Exynos 9810,1080x2009;1080x2220,420,arm64-v8a;armeabi;armeabi-v7a,27;28;29,3.2
Samsung,Galaxy Note9,crownqltechn,5576-5581MB,Phone,Qualcomm SDM845,1080x2009;1080x2220,420,arm64-v8a;armeabi;armeabi-v7a,27;28;29,3.2
Samsung,Galaxy Note9,crownqltecs,5576-5580MB,Phone,Qualcomm SDM845,1080x2009;1080x2220,420,arm64-v8a;armeabi;armeabi-v7a,27;28;29,3.2
Samsung,Galaxy Note9,crownqltesq,5576-5581MB,Phone,Qualcomm SDM845,1080x2009;1080x2220,420,arm64-v8a;armeabi;armeabi-v7a,27;28;29,3.2
Samsung,Galaxy Note9,crownqlteue,5576-5581MB,Phone,Qualcomm SDM845,1080x2009;1080x2220,420,arm64-v8a;armeabi;armeabi-v7a,27;28;29,3.2
Samsung,Galaxy Note10,d1,7397-7420MB,Phone,Samsung Exynos 9825,1080x2009;1080x2280,420,arm64-v8a;armeabi;armeabi-v7a,28;29;30,3.2
Samsung,Galaxy Note10,d1q,7458-7468MB,Phone,Qualcomm SM8150,1080x2009;1080x2280,420,arm64-v8a;armeabi;armeabi-v7a,28;29;30,3.2
Samsung,Galaxy Note10 5G,d1x,11271-11293MB,Phone,Samsung Exynos 9825,1080x2009;1080x2280,420,arm64-v8a;armeabi;armeabi-v7a,28;29;30,3.2
Samsung,Galaxy Note10+,d2q,11436-11446MB,Phone,Qualcomm SM8150,1080x2009;1080x2280;2280x1080,420,arm64-v8a;armeabi;armeabi-v7a,28;29;30,3.2
Samsung,Galaxy Note10+,d2s,11402-11424MB,Phone,Samsung Exynos 9825,1080x2009;1080x2280,420,arm64-v8a;armeabi;armeabi-v7a,28;29;30,3.2
Samsung,Galaxy Note10+ 5G,d2x,11271-11294MB,Phone,Samsung Exynos 9825,1080x2009;1080x2280,420,arm64-v8a;armeabi;armeabi-v7a,28;29;30,3.2
Samsung,Galaxy Note10+ 5G,d2xq,11360-11370MB,Phone,Qualcomm SM8150,1080x2009;1080x2280,420,arm64-v8a;armeabi;armeabi-v7a,28;29;30,3.2
Samsung,Galaxy Note10+ 5G,d2xq2,11546-11556MB,Phone,Qualcomm SM8150P,1080x2009;1080x2280,420,arm64-v8a;armeabi;armeabi-v7a,29;30,3.2
Samsung,Galaxy S8+,dream2lte,3452-3679MB,Phone,Samsung Exynos 8895,1080x2009;1080x2220,420,arm64-v8a;armeabi;armeabi-v7a,24;26;28,3.2
Samsung,Galaxy S8+,dream2lteks,3452-3679MB,Phone,Samsung Exynos 8895,1080x2009;1080x2220,420,arm64-v8a;armeabi;armeabi-v7a,24;26;28,3.2
Samsung,Galaxy S8+,dream2qltecan,3348-3372MB,Phone,Qualcomm MSM8998,1080x2220;2009x1080,420,arm64-v8a;armeabi;armeabi-v7a,24;26;28,3.2
Samsung,Galaxy S8+,dream2qltechn,3348-5356MB,Phone,Qualcomm MSM8998,1080x2009;1080x2220,420,arm64-v8a;armeabi;armeabi-v7a,24;26;28,3.2
Samsung,Galaxy S8+,dream2qltesq,950-3358MB,Phone,Qualcomm MSM8998,1080x2009;1080x2220;1440x2960,420;640,arm64-v8a;armeabi;armeabi-v7a,24;26;28,3.0;3.2
Samsung,Galaxy S8+,dream2qlteue,3348-3364MB,Phone,Qualcomm MSM8998,1080x2009;1080x2220,420,arm64-v8a;armeabi;armeabi-v7a,24;26;28,3.2
Samsung,Galaxy S8,dreamlte,3452-3679MB,Phone,Samsung Exynos 8895,1080x2009;1080x2220,480,arm64-v8a;armeabi;armeabi-v7a,24;26;28,3.2
Samsung,Galaxy S8,dreamlteks,3452-3679MB,Phone,Samsung Exynos 8895,1080x2009;1080x2220,480,arm64-v8a;armeabi;armeabi-v7a,24;26;28,3.2
Samsung,Galaxy S8,dreamqltecan,3347-3371MB,Phone,Qualcomm MSM8998,1080x2009;1080x2220,480,arm64-v8a;armeabi;armeabi-v7a,24;26;28,3.2
Samsung,Galaxy S8,dreamqltechn,3347-3371MB,Phone,Qualcomm MSM8998,1080x2009;1080x2220,480,arm64-v8a;armeabi;armeabi-v7a,24;26;28,3.2
Samsung,Galaxy S8,dreamqltesq,3347-3371MB,Phone,Qualcomm MSM8998,1080x2009;1080x2220,480,arm64-v8a;armeabi;armeabi-v7a,24;26;28,3.2
Samsung,Galaxy S8,dreamqlteue,3347-3364MB,Phone,Qualcomm MSM8998,1080x2009;1080x2220,480,arm64-v8a;armeabi;armeabi-v7a,24;26;28,3.2
Samsung,Galaxy Z Fold2 5G,f2q,10529-10539MB,Phone,Qualcomm SM8250Pro,1768x2208;1786x960;960x1786;960x2658,420;480,arm64-v8a;armeabi;armeabi-v7a,29;30,3.2
Samsung,Galaxy F41,f41,5577MB,Phone,Samsung Exynos 9611,1080x2009;1080x2340,420,arm64-v8a;armeabi;armeabi-v7a,29;30,3.2
Samsung,Galaxy F62,f62,5417MB,Phone,Samsung Exynos 9825,1080x2009,450,arm64-v8a;armeabi;armeabi-v7a,30,3.2
Samsung,Galaxy Note8,greatlte,3558-5339MB,Phone,Samsung Exynos 8895,1080x2009;1080x2220,420,arm64-v8a;armeabi;armeabi-v7a,25;26;28,3.2
Samsung,Galaxy Note8,greatlteks,5339-5346MB,Phone,Samsung Exynos 8895,1080x2009;1080x2220,420,arm64-v8a;armeabi;armeabi-v7a,25;26;28,3.2
Samsung,Galaxy Note8,greatqlte,5214-5229MB,Phone,Qualcomm MSM8998,1080x2009;1080x2220,420,arm64-v8a;armeabi;armeabi-v7a,25;26;28,3.2
Samsung,Galaxy Note8,greatqltechn,5214-5229MB,Phone,Qualcomm MSM8998,1080x2009;1080x2220,420,arm64-v8a;armeabi;armeabi-v7a,25;26;28,3.2
Samsung,Galaxy Note8,greatqltecs,5214-5229MB,Phone,Qualcomm MSM8998,1080x2009;1080x2220,420,arm64-v8a;armeabi;armeabi-v7a,25;26;28,3.2
Samsung,Galaxy Note8,greatqlteue,5214-5237MB,Phone,Qualcomm MSM8998,1080x2009;1080x2220,420,arm64-v8a;armeabi;armeabi-v7a,25;26;28,3.2
Samsung,Galaxy Tab A7,gta4l,2705MB,Tablet,Qualcomm SM6115,1200x2000;2000x1200,240,arm64-v8a;armeabi;armeabi-v7a,29,3.2
Samsung,Galaxy Tab A7,gta4lwifi,2705MB,Tablet,Qualcomm SM6115,1200x2000;2000x1200,240,arm64-v8a;armeabi;armeabi-v7a,29,3.2
Samsung,Galaxy Tab S6 Lite,gta4xl,3574-3575MB,Tablet,Samsung Exynos 9611,1200x2000,240,arm64-v8a;armeabi;armeabi-v7a,29;30,3.2
Samsung,Galaxy Tab S6 Lite,gta4xlwifi,3690-3713MB,Tablet,Samsung Exynos 9611,1200x2000,240,arm64-v8a;armeabi;armeabi-v7a,29;30,3.2
Samsung,Galaxy Tab Active3,gtactive3,3601MB,Tablet,Samsung Exynos 9810,1200x1920,320,arm64-v8a;armeabi;armeabi-v7a,29,3.2
Samsung,Galaxy Tab Active3,gtactive3wifi,3601MB,Tablet,Samsung Exynos 9810,1200x1920;1920x1200,320,arm64-v8a;armeabi;armeabi-v7a,29,3.2
Samsung,Galaxy Tab Active Pro,gtactivexl,3644-3650MB,Tablet,Qualcomm SDM670,1200x1920;1920x1200,240,arm64-v8a;armeabi;armeabi-v7a,28;29,3.2
Samsung,Galaxy Tab Active Pro,gtactivexlwifi,3644-3650MB,Tablet,Qualcomm SDM670,1200x1920,240,arm64-v8a;armeabi;armeabi-v7a,28;29,3.2
Samsung,Galaxy TabS3,gts3llte,3391-3719MB,Tablet,Qualcomm MSM8996,1536x2048;2048x1536,320,arm64-v8a;armeabi;armeabi-v7a,24;26;28,3.2
Samsung,Galaxy TabS3,gts3lltechn,3414-3719MB,Tablet,Qualcomm MSM8996,1536x2048;2048x1536,320,arm64-v8a;armeabi;armeabi-v7a,24;26;28,3.2
Samsung,Galaxy Tab S3,gts3lltekx,3414-3719MB,Tablet,Qualcomm MSM8996,1536x2048;2048x1536,320,arm64-v8a;armeabi;armeabi-v7a,24;26;28,3.2
Samsung,Galaxy Tab S3,gts3llteusc,3414-3719MB,Tablet,Qualcomm MSM8996,1536x2048,320,arm64-v8a;armeabi;armeabi-v7a,24;26;28,3.2
Samsung,Galaxy Tab S3,gts3lltevzw,3414-3719MB,Tablet,Qualcomm MSM8996,1536x2048;2048x1536,320,arm64-v8a;armeabi;armeabi-v7a,24;26;28,3.2
Samsung,Galaxy Tab S3,gts3lwifi,3414-3719MB,Tablet,Qualcomm APQ8096,1536x2048,320,arm64-v8a;armeabi;armeabi-v7a,24;26;28,3.2
Samsung,Galaxy Tab S3,gts3lwifichn,3414-3719MB,Tablet,Qualcomm APQ8096,1536x2048,320,arm64-v8a;armeabi;armeabi-v7a,24;26;28,3.2
Samsung,Galaxy Tab S4,gts4llte,3131-3590MB,Tablet,Qualcomm MSM8998,1600x2560;2560x1600,320;360,arm64-v8a;armeabi;armeabi-v7a,26;27;28;29,3.2
Samsung,Galaxy Tab S4,gts4llteatt,3321-3590MB,Tablet,Qualcomm MSM8998,1600x2560;2560x1600,360,arm64-v8a;armeabi;armeabi-v7a,27;28;29,3.2
Samsung,Galaxy Tab S4,gts4lltechn,3313-3589MB,Tablet,Qualcomm MSM8998,1600x2560;2560x1600,360,arm64-v8a;armeabi;armeabi-v7a,27;28;29,3.2
Samsung,Galaxy Tab S4,gts4lltekx,5311-5587MB,Tablet,Qualcomm MSM8998,1600x2560,360,arm64-v8a;armeabi;armeabi-v7a,27;28;29,3.2
Samsung,Galaxy Tab S4,gts4lltespr,3321-3590MB,Tablet,Qualcomm MSM8998,1600x2560,360,arm64-v8a;armeabi;armeabi-v7a,27;28;29,3.2
Samsung,Galaxy Tab S4,gts4lltetmo,3321-3589MB,Tablet,Qualcomm MSM8998,1600x2560,360,arm64-v8a;armeabi;armeabi-v7a,27;28;29,3.2
Samsung,Galaxy Tab S4,gts4llteusc,3321-3590MB,Tablet,Qualcomm MSM8998,1600x2560;2560x1600,360,arm64-v8a;armeabi;armeabi-v7a,27;28;29,3.2
Samsung,Galaxy Tab S4,gts4lltevzw,3249-3589MB,Tablet,Qualcomm MSM8998,1600x2560;2560x1600,320;360,arm64-v8a;armeabi;armeabi-v7a,27;28;29,3.2
Samsung,Galaxy Tab S5e,gts4lv,3644-5649MB,Tablet,Qualcomm SDM670,1600x2560;2560x1600,360,arm64-v8a;armeabi;armeabi-v7a,28;29;30,3.2
Samsung,Galaxy Tab S5e,gts4lvwifi,3644-5644MB,Tablet,Qualcomm SDM670,1600x2560,360,arm64-v8a;armeabi;armeabi-v7a,28;29;30,3.2
Samsung,Galaxy Tab S5e,gts4lvwifichn,3644-5649MB,Tablet,Qualcomm SDM670,1600x2560,360,arm64-v8a;armeabi;armeabi-v7a,28;29,3.2
Samsung,Galaxy Tab S4,gts4lwifi,3321-3590MB,Tablet,Qualcomm MSM8998,1600x2560,360,arm64-v8a;armeabi;armeabi-v7a,27;28;29,3.2
Samsung,Galaxy Tab S4,gts4lwifichn,3321-3589MB,Tablet,Qualcomm MSM8998,1600x2560,360,arm64-v8a;armeabi;armeabi-v7a,27;28;29,3.2
Samsung,Galaxy Tab S6,gts6l,5450-7445MB,Tablet,Qualcomm SM8150,1600x2560;2560x1600,360,arm64-v8a;armeabi;armeabi-v7a,28;29;30,3.2
Samsung,Galaxy Tab S6,gts6lwifi,5450-7447MB,Tablet,Qualcomm SM8150,1600x2560,360,arm64-v8a;armeabi;armeabi-v7a,28;29;30,3.2
Samsung,Galaxy Tab S6 5G,gts6x,5374MB,Tablet,Qualcomm SM8150,1600x2560,360,arm64-v8a;armeabi;armeabi-v7a,28;29;30,3.2
Samsung,Galaxy Tab S7,gts7l,5584-5595MB,Tablet,Qualcomm SM8250Pro,1600x2560;2560x1600,340,arm64-v8a;armeabi;armeabi-v7a,29;30,3.2
Samsung,Galaxy Tab S7,gts7lwifi,5586-7590MB,Tablet,Qualcomm SM8250Pro,1600x2560,340,arm64-v8a;armeabi;armeabi-v7a,29;30,3.2
Samsung,Galaxy Tab S7+ 5G,gts7xl,5562-7561MB,Tablet,Qualcomm SM8250Pro,1752x2800;2800x1752,340,arm64-v8a;armeabi;armeabi-v7a,29;30,3.2
Samsung,Galaxy Tab S7+,gts7xlwifi,5562-7561MB,Tablet,Qualcomm SM8250Pro,1752x2800;2800x1752,340,arm64-v8a;armeabi;armeabi-v7a,29;30,3.2
Samsung,Galaxy S7 edge,hero2lte,3533-3562MB,Phone,Samsung Exynos 8890,1080x1920;1440x2560,480;640,arm64-v8a;armeabi;armeabi-v7a,23;24;26,3.1;3.2
Samsung,Galaxy S7 Edge,hero2ltebmc,3534-3562MB,Phone,Samsung Exynos 8890,1440x2560,480;640,arm64-v8a;armeabi;armeabi-v7a,23;24;26,3.1;3.2
Samsung,Galaxy S7 Edge,hero2ltektt,3533-3562MB,Phone,Samsung Exynos 8890,1080x1920;1440x2560,480;640,arm64-v8a;armeabi;armeabi-v7a,23;24;26,3.1;3.2
Samsung,Galaxy S7 edge,hero2ltelgt,3533-3562MB,Phone,Samsung Exynos 8890,1080x1920;1440x2560,480;640,arm64-v8a;armeabi;armeabi-v7a,23;24;26,3.1;3.2
Samsung,Galaxy S7 Edge,hero2lteskt,3533-3562MB,Phone,Samsung Exynos 8890,1080x1920;1440x2560,480;640,arm64-v8a;armeabi;armeabi-v7a,23;24;26,3.1;3.2
Samsung,Galaxy S7 Edge,hero2qlteatt,3416-3721MB,Phone,Qualcomm MSM8996,1440x2560,480;640,arm64-v8a;armeabi;armeabi-v7a,23;24;26,3.1;3.2
Samsung,Galaxy S7 Edge,hero2qltecctvzw,3416-3721MB,Phone,Qualcomm MSM8996,1440x2560,640,arm64-v8a;armeabi;armeabi-v7a,23;24;26,3.1;3.2
Samsung,Galaxy S7 edge,hero2qltechn,1871-3721MB,Phone,Qualcomm MSM8996,1440x2560,480;640,arm64-v8a;armeabi;armeabi-v7a,23;24;26,3.1;3.2
Samsung,Galaxy S7 Edge,hero2qltespr,3416-3721MB,Phone,Qualcomm MSM8996,1440x2560,480;640,arm64-v8a;armeabi;armeabi-v7a,23;24;26,3.1;3.2
Samsung,Galaxy S7 Edge,hero2qltetmo,3416-3721MB,Phone,Qualcomm MSM8996,1440x2560,480;640,arm64-v8a;armeabi;armeabi-v7a,23;24;26,3.1;3.2
Samsung,Galaxy S7 edge,hero2qlteue,3416-3721MB,Phone,Qualcomm MSM8996,1080x1920;1440x2560,480;640,arm64-v8a;armeabi;armeabi-v7a,23;24;26,3.1;3.2
Samsung,Galaxy S7 Edge,hero2qlteusc,3416-3721MB,Phone,Qualcomm MSM8996,1440x2560,480;640,arm64-v8a;armeabi;armeabi-v7a,23;24;26,3.1;3.2
Samsung,Galaxy S7 Edge,hero2qltevzw,3416-3721MB,Phone,Qualcomm MSM8996,1440x2560,640,arm64-v8a;armeabi;armeabi-v7a,23;24;26,3.1;3.2
Samsung,Galaxy S7 ,herolte,3533-3562MB,Phone,Samsung Exynos 8890,1080x1920;1440x2560,480;640,arm64-v8a;armeabi;armeabi-v7a,23;24;26,3.1;3.2
Samsung,Galaxy S7 ,heroltebmc,3534-3562MB,Phone,Samsung Exynos 8890,1440x2560,480;640,arm64-v8a;armeabi;armeabi-v7a,23;24;26,3.1;3.2
Samsung,Galaxy S7 ,heroltektt,3533-3562MB,Phone,Samsung Exynos 8890,1080x1920;1440x2560,480;640,arm64-v8a;armeabi;armeabi-v7a,23;24;26,3.1;3.2
Samsung,Galaxy S7 ,heroltelgt,3533-3562MB,Phone,Samsung Exynos 8890,1080x1920;1440x2560,480;640,arm64-v8a;armeabi;armeabi-v7a,23;24;26,3.1;3.2
Samsung,Galaxy S7 ,herolteskt,3533-3562MB,Phone,Samsung Exynos 8890,1080x1920;1440x2560,480;640,arm64-v8a;armeabi;armeabi-v7a,23;24;26,3.1;3.2
Samsung,Galaxy S7,heroqlteacg,3417-3722MB,Phone,Qualcomm MSM8996,1080x1920;1440x2560,480;640,arm64-v8a;armeabi;armeabi-v7a,23;24;26,3.1;3.2
Samsung,Galaxy S7,heroqlteaio,3417-3722MB,Phone,Qualcomm MSM8996,1440x2560,480;640,arm64-v8a;armeabi;armeabi-v7a,23;24;26,3.1;3.2
Samsung,Galaxy S7 ,heroqlteatt,3417-3722MB,Phone,Qualcomm MSM8996,1440x2560,480;640,arm64-v8a;armeabi;armeabi-v7a,23;24;26,3.1;3.2
Samsung,Galaxy S7,heroqltecctvzw,3417-3722MB,Phone,Qualcomm MSM8996,1440x2560,640,arm64-v8a;armeabi;armeabi-v7a,23;24;26,3.1;3.2
Samsung,Galaxy S7,heroqltelra,3417-3722MB,Phone,Qualcomm MSM8996,1080x1920;1440x2560,480;640,arm64-v8a;armeabi;armeabi-v7a,23;24;26,3.1;3.2
Samsung,Galaxy S7,heroqltemtr,3417-3722MB,Phone,Qualcomm MSM8996,1440x2560,480;640,arm64-v8a;armeabi;armeabi-v7a,23;24;26,3.1;3.2
Samsung,Galaxy S7 ,heroqltespr,3417-3722MB,Phone,Qualcomm MSM8996,1440x2560,480;640,arm64-v8a;armeabi;armeabi-v7a,23;24;26,3.1;3.2
Samsung,Galaxy S7,heroqltetfnvzw,3417-3722MB,Phone,Qualcomm MSM8996,1440x2560,640,arm64-v8a;armeabi;armeabi-v7a,23;24;26,3.1;3.2
Samsung,Galaxy S7 ,heroqltetmo,3417-3722MB,Phone,Qualcomm MSM8996,1440x2560,480;640,arm64-v8a;armeabi;armeabi-v7a,23;24;26,3.1;3.2
Samsung,Galaxy S7,heroqlteue,3417-3722MB,Phone,Qualcomm MSM8996,1080x1920;1440x2560,480;640,arm64-v8a;armeabi;armeabi-v7a,23;24;26,3.1;3.2
Samsung,Galaxy S7,heroqlteusc,3417-3722MB,Phone,Qualcomm MSM8996,1080x1920;1440x2560,480;640,arm64-v8a;armeabi;armeabi-v7a,23;24;26,3.1;3.2
Samsung,Galaxy S7,heroqltevzw,3417-3722MB,Phone,Qualcomm MSM8996,1440x2560,640,arm64-v8a;armeabi;armeabi-v7a,23;24;26,3.1;3.2
Samsung,Galaxy J5 Pro,j5y17lte,1816-1819MB,Phone,Samsung Exynos 7870,720x1280,320,armeabi;armeabi-v7a,24;27;28,3.2
Samsung,Galaxy J5 Pro,j5y17ltedx,2823-2826MB,Phone,Samsung Exynos 7870,720x1280,320,armeabi;armeabi-v7a,24;27;28,3.2
Samsung,Galaxy J5,j5y17ltektt,1816-1819MB,Phone,Samsung Exynos 7870,720x1280,320,armeabi;armeabi-v7a,24;27;28,3.2
Samsung,Galaxy J5,j5y17ltelgt,1816-1819MB,Phone,Samsung Exynos 7870,720x1280,320,armeabi;armeabi-v7a,24;27;28,3.2
Samsung,Galaxy J5,j5y17lteskt,1816-1819MB,Phone,Samsung Exynos 7870,720x1280,320,armeabi;armeabi-v7a,24;27;28,3.2
Samsung,Galaxy J5 Pro,j5y17ltextc,2823-2826MB,Phone,Samsung Exynos 7870,720x1280,320,armeabi;armeabi-v7a,24;27;28,3.2
Samsung,Galaxy J7 Pro,j7y17lte,2816-2825MB,Phone,Samsung Exynos 7870,1080x1920;1920x1080,420,armeabi;armeabi-v7a,24;27;28,3.2
Samsung,Galaxy J7(2017),j7y17ltektt,2816-2825MB,Phone,Samsung Exynos 7870,1080x1920,420,armeabi;armeabi-v7a,24;27;28,3.2
Samsung,Galaxy A8+(2018),jackpot2lte,3699-5711MB,Phone,Samsung Exynos 7885,1080x2009;1080x2220,420,arm64-v8a;armeabi;armeabi-v7a,25;26;28,3.2
Samsung,Galaxy A8(2018),jackpotlte,3699-3704MB,Phone,Samsung Exynos 7885,1080x2009;1080x2220,480,arm64-v8a;armeabi;armeabi-v7a,25;26;28,3.2
Samsung,Galaxy A8(2018),jackpotltecan,3699-3704MB,Phone,Samsung Exynos 7885,1080x2009;1080x2220,480,arm64-v8a;armeabi;armeabi-v7a,25;26;28,3.2
Samsung,Galaxy A8(2018),jackpotlteks,3699-3704MB,Phone,Samsung Exynos 7885,1080x2009;1080x2220,480,arm64-v8a;armeabi;armeabi-v7a,25;26;28,3.2
Samsung,Galaxy M20,m20,2769-2773MB,Phone,Samsung Exynos 7904,1080x2340,420,arm64-v8a;armeabi;armeabi-v7a,28;29,3.2
Samsung,Galaxy M20,m20lte,2730-3742MB,Phone,Samsung Exynos 7904,1080x1080;1080x2009;1080x2340,420,arm64-v8a;armeabi;armeabi-v7a,27;28;29,3.2
Samsung,Galaxy M21,m21,3553-3575MB,Phone,Samsung Exynos 9611,1080x2009;1080x2340,420,arm64-v8a;armeabi;armeabi-v7a,29;30,3.2
Samsung,Galaxy M30s,m30s,3586-5589MB,Phone,Samsung Exynos 9611,1080x2009;1080x2340;2009x1080,420,arm64-v8a;armeabi;armeabi-v7a,28;29;30,3.2
Samsung,Galaxy M31,m31,5555-5577MB,Phone,Samsung Exynos 9611,1080x2009;1080x2340,420,arm64-v8a;armeabi;armeabi-v7a,29;30,3.2
Samsung,Galaxy M31s,m31s,5578MB,Phone,Samsung Exynos 9611,1080x2009;1080x2400,420,arm64-v8a;armeabi;armeabi-v7a,29;30,3.2
Samsung,Galaxy M51,m51,5505-7520MB,Phone,Qualcomm SM7150,1080x2009;1080x2400,420,arm64-v8a;armeabi;armeabi-v7a,29;30,3.2
Samsung,Galaxy M62,m62,7425MB,Phone,Samsung Exynos 9825,1080x2009,450,arm64-v8a;armeabi;armeabi-v7a,30,3.2
Samsung,Galaxy S21 5G,o1q,7292MB,Phone,Qualcomm SM8350,1080x2400,480,arm64-v8a;armeabi;armeabi-v7a,30,3.2
Samsung,Galaxy S21 5G,o1s,7187MB,Phone,Samsung Exynos 2100,1080x2400,480,arm64-v8a;armeabi;armeabi-v7a,30,3.2
Samsung,Galaxy S21 Ultra 5G,p3q,10241-14227MB,Phone,Qualcomm SM8350,1080x2400,450,arm64-v8a;armeabi;armeabi-v7a,30,3.2
Samsung,Galaxy S21 Ultra 5G,p3s,10562MB,Phone,Samsung Exynos 2100,1080x2009;1080x2400,450,arm64-v8a;armeabi;armeabi-v7a,30,3.2
Samsung,Galaxy A80,r1q,7499-7536MB,Phone,Qualcomm SM7150,1080x2009;1080x2400,420,arm64-v8a;armeabi;armeabi-v7a,28;29;30,3.2
Samsung,Galaxy A90 5G,r3q,5375-7370MB,Phone,Qualcomm SM8150,1080x2009;1080x2400,420,arm64-v8a;armeabi;armeabi-v7a,28;29;30,3.2
Samsung,Galaxy S10 Lite,r5q,5452-7447MB,Phone,Qualcomm SM8150,1080x2009;1080x2400,420,arm64-v8a;armeabi;armeabi-v7a,29;30,3.2
Samsung,Galaxy Note10 Lite,r7,5583-7599MB,Phone,Samsung Exynos 9810,1080x2009;1080x2400,420,arm64-v8a;armeabi;armeabi-v7a,29;30,3.2
Samsung,Galaxy S20 FE 5G,r8q,5562-7559MB,Phone,Qualcomm SM8250,1080x2009;1080x2400,480,arm64-v8a;armeabi;armeabi-v7a,29;30,3.2
Samsung,Galaxy S20 FE,r8s,5449-7475MB,Phone,Samsung Exynos 990,1080x2009;1080x2400,480,arm64-v8a;armeabi;armeabi-v7a,29;30,3.2
Samsung,Galaxy S9+,star2lte,5195-5621MB,Phone,Samsung Exynos 9810,1080x2009;1080x2220,420,arm64-v8a;armeabi;armeabi-v7a,26;28;29,3.2
Samsung,Galaxy S9+,star2lteks,5195-5621MB,Phone,Samsung Exynos 9810,1080x2009;1080x2220,420,arm64-v8a;armeabi;armeabi-v7a,26;28;29,3.2
Samsung,Galaxy S9+,star2qltechn,5008-5579MB,Phone,Qualcomm SDM845,1080x2009;1080x2220;2009x1080,420,arm64-v8a;armeabi;armeabi-v7a,26;28;29,3.2
Samsung,Galaxy S9+,star2qltecs,5008-5579MB,Phone,Qualcomm SDM845,1080x2009;1080x2220,420,arm64-v8a;armeabi;armeabi-v7a,26;28;29,3.2
Samsung,Galaxy S9+,star2qltesq,5009-5579MB,Phone,Qualcomm SDM845,1080x2009;1080x2220,420,arm64-v8a;armeabi;armeabi-v7a,26;28;29,3.2
Samsung,Galaxy S9+,star2qlteue,5009-5579MB,Phone,Qualcomm SDM845,1080x2009;1080x2220,420,arm64-v8a;armeabi;armeabi-v7a,26;28;29,3.2
Samsung,Galaxy S9,starlte,3396-3615MB,Phone,Samsung Exynos 9810,1080x2009;1080x2220,480,arm64-v8a;armeabi;armeabi-v7a,26;28;29,3.2
Samsung,Galaxy S9,starlteks,3396-3611MB,Phone,Samsung Exynos 9810,1080x2009;1080x2220,480,arm64-v8a;armeabi;armeabi-v7a,26;28;29,3.2
Samsung,Galaxy S9,starqltechn,3270-3581MB,Phone,Qualcomm SDM845,1080x2009;1080x2220,480,arm64-v8a;armeabi;armeabi-v7a,26;28;29,3.2
Samsung,Galaxy S9,starqltecs,3270-3581MB,Phone,Qualcomm SDM845,1080x2009;1080x2220,480,arm64-v8a;armeabi;armeabi-v7a,26;28;29,3.2
Samsung,Galaxy S9,starqltesq,3271-3581MB,Phone,Qualcomm SDM845,1080x2009;1080x2220,480,arm64-v8a;armeabi;armeabi-v7a,26;28;29,3.2
Samsung,Galaxy S9,starqlteue,3270-3581MB,Phone,Qualcomm SDM845,1080x2009;1080x2220,480,arm64-v8a;armeabi;armeabi-v7a,26;28;29,3.2
Samsung,Galaxy S21+ 5G,t2q,7292MB,Phone,Qualcomm SM8350,1080x2400,450,arm64-v8a;armeabi;armeabi-v7a,30,3.2
Samsung,Galaxy S21+ 5G,t2s,7187MB,Phone,Samsung Exynos 2100,1080x2400,450,arm64-v8a;armeabi;armeabi-v7a,30,3.2
Samsung,三星 W21 5G,victory,10540MB,Phone,Qualcomm SM8250Pro,840x2326,420,arm64-v8a;armeabi;armeabi-v7a,29,3.2
Samsung,Galaxy Fold 5G,winner,11361-11452MB,Phone,Qualcomm SM8150,1536x2152;2152x1536;840x1562;840x1960,420,arm64-v8a;armeabi;armeabi-v7a,28;29;30,3.2
Samsung,Galaxy S20 5G,x1q,7583-10546MB,Phone,Qualcomm SM8250,1080x2009;1080x2400;2009x1080,480,arm64-v8a;armeabi;armeabi-v7a,29;30,3.2
Samsung,Galaxy S20 5G,x1s,7430-10901MB,Phone,Samsung Exynos 990,1080x2009;1080x2400,480,arm64-v8a;armeabi;armeabi-v7a,29;30,3.2
Samsung,Galaxy XCover Pro,xcoverpro,3553-3576MB,Phone,Samsung Exynos 9611,1080x2009;1080x2340;2340x1080,420,arm64-v8a;armeabi;armeabi-v7a,29;30,3.2
Samsung,Galaxy S20+ 5G,y2q,10537-10546MB,Phone,Qualcomm SM8250,1080x2009;1080x2400,450,arm64-v8a;armeabi;armeabi-v7a,29;30,3.2
Samsung,Galaxy S20+ 5G,y2s,7430-10901MB,Phone,Samsung Exynos 990,1080x2009;1080x2400,450,arm64-v8a;armeabi;armeabi-v7a,29;30,3.2
Samsung,Galaxy S20 Ultra 5G,z3q,10538-10547MB,Phone,Qualcomm SM8250,1080x2009;1080x2400,420,arm64-v8a;armeabi;armeabi-v7a,29;30,3.2
Samsung,Galaxy S20 Ultra 5G,z3s,10883-10901MB,Phone,Samsung Exynos 990,1080x2009;1080x2400,420,arm64-v8a;armeabi;armeabi-v7a,29;30,3.2
Samsung,三星W20,zodiac,11369-11376MB,Phone,Qualcomm SM8150P,1536x2152;840x1960,420,arm64-v8a;armeabi;armeabi-v7a,28;29,3.2
Sharp,AQUOS R5G SH-RM14,Banagher,11652-11671MB,Phone,Qualcomm SM8250,1440x3168,640,arm64-v8a;armeabi;armeabi-v7a,29;30,3.2
Sharp,AQUOS sense4 SH-41A,Jerid,3589-3590MB,Phone,Qualcomm SM7125,1080x2280,480,arm64-v8a;armeabi;armeabi-v7a,29;30,3.2
Sharp,AQUOS sense4 SH-M15,JeridA,3589-3590MB,Phone,Qualcomm SM7125,1080x2280,480,arm64-v8a;armeabi;armeabi-v7a,29;30,3.2
Sharp,AQUOS sense4 basic A003SH,JeridB,2589-2591MB,Phone,Qualcomm SM7125,1080x2280,480,arm64-v8a;armeabi;armeabi-v7a,29;30,3.2
Sharp,AQUOS sense4 lite SH-RM15,JeridL,3589-3590MB,Phone,Qualcomm SM7125,1080x2280,480,arm64-v8a;armeabi;armeabi-v7a,29;30,3.2
Sharp,AQUOS R3 SHV44,NAX,5492-5516MB,Phone,Qualcomm SM8150,1440x3120,640,arm64-v8a;armeabi;armeabi-v7a,28;29;30,3.2
Sharp,AQUOS sense3 plus　サウンド SHV46,OBY,5727MB,Phone,Qualcomm SDM636,1080x2220,480,arm64-v8a;armeabi;armeabi-v7a,28;29,3.2
Sharp,AQUOS zero5G basic DX,OJ6,7484-7487MB,Phone,Qualcomm SM7250,1080x2340,480,arm64-v8a;armeabi;armeabi-v7a,29;30,3.2
Sharp,AQUOS sense3 SHV45,PCZ,3744-3745MB,Phone,Qualcomm SDM630,1080x2160,480,arm64-v8a;armeabi;armeabi-v7a,28;29,3.2
Sharp,AQUOS sense3,PCZ-u,3744-3745MB,Phone,Qualcomm SDM630,1080x2160,480,arm64-v8a;armeabi;armeabi-v7a,28;29,3.2
Sharp,AQUOS zero2 SHV47,QDA,7523-7528MB,Phone,Qualcomm SM8150,1080x2340,480,arm64-v8a;armeabi;armeabi-v7a,29;30,3.2
Sharp,AQUOS R3 808SH,SG808SH,5492-5516MB,Phone,Qualcomm SM8150,1440x3120,640,arm64-v8a;armeabi;armeabi-v7a,28;29;30,3.2
Sharp,AQUOS sense3 plus (901SH),SG901SH,5727MB,Phone,Qualcomm SDM636,1080x2220,480,arm64-v8a;armeabi;armeabi-v7a,28;29,3.2
Sharp,AQUOS zero2 906SH,SG906SH,7523-7528MB,Phone,Qualcomm SM8150,1080x2340,480,arm64-v8a;armeabi;armeabi-v7a,29;30,3.2
Sharp,AQUOS sense3 basic,SG907SH,2742-2743MB,Phone,Qualcomm SDM630,1080x2160,480,arm64-v8a;armeabi;armeabi-v7a,28;29,3.2
Sharp,AQUOS R5G 908SH,SG908SH,11652-11671MB,Phone,Qualcomm SM8250,1440x3168,640,arm64-v8a;armeabi;armeabi-v7a,29;30,3.2
Sharp,AQUOS zero5G basic,SGA002SH,5469-5472MB,Phone,Qualcomm SM7250,1080x2340,480,arm64-v8a;armeabi;armeabi-v7a,29;30,3.2
Sharp,AQUOS zero2 SH-01M,SH-01M,7523-7528MB,Phone,Qualcomm SM8150,1080x2340,480,arm64-v8a;armeabi;armeabi-v7a,29;30,3.2
Sharp,AQUOS sense3 SH-02M,SH-02M,3744-3745MB,Phone,Qualcomm SDM630,1080x2160,480,arm64-v8a;armeabi;armeabi-v7a,28;29,3.2
Sharp,AQUOS R3 SH-04L,SH-04L,5492-5516MB,Phone,Qualcomm SM8150,1440x3120,640,arm64-v8a;armeabi;armeabi-v7a,28;29;30,3.2
Sharp,AQUOS R5G SH-51A,SH-51A,11649-11671MB,Phone,Qualcomm SM8250,1440x3168,640,arm64-v8a;armeabi;armeabi-v7a,29;30,3.2
Sharp,AQUOS sense5G,SH-53A,3478MB,Phone,Qualcomm SM6350,1080x2280,440,arm64-v8a;armeabi;armeabi-v7a,30,3.2
Sharp,AQUOS sense3 plus SH-M11,SH-M11,5727MB,Phone,Qualcomm SDM636,1080x2220,480,arm64-v8a;armeabi;armeabi-v7a,28;29,3.2
Sharp,AQUOS sense3 SH-M12,SH-M12,3744-3745MB,Phone,Qualcomm SDM630,1080x2160,480,arm64-v8a;armeabi;armeabi-v7a,28;29,3.2
Sharp,AQUOS zero2 SH-M13,SH-M13,7523-7528MB,Phone,Qualcomm SM8150,1080x2340,480,arm64-v8a;armeabi;armeabi-v7a,29;30,3.2
Sharp,AQUOS R3 SH-R10A,SH-R10,5513-5516MB,Phone,Qualcomm SM8150,1440x3120,640,arm64-v8a;armeabi;armeabi-v7a,28;29,3.2
Sharp,AQUOS sense3 plus SH-RM11,SH-RM11,5727MB,Phone,Qualcomm SDM636,1080x2220,480,arm64-v8a;armeabi;armeabi-v7a,28;29,3.2
Sharp,AQUOS zero2 SH-Z20,SH-Z20,7528MB,Phone,Qualcomm SM8150,1080x2340,480,arm64-v8a;armeabi;armeabi-v7a,29,3.2
Sharp,AQUOS sense5G,Sarah,3478MB,Phone,Qualcomm SM6350,1080x2280,440,arm64-v8a;armeabi;armeabi-v7a,30,3.2
Sharp,AQUOS R5G SHG01,TGD,11652-11671MB,Phone,Qualcomm SM8250,1440x3168,640,arm64-v8a;armeabi;armeabi-v7a,29;30,3.2
Sharp,AQUOS sense4 plus,VG2,7575MB,Phone,Qualcomm SM7125,1080x2400,480,arm64-v8a;armeabi;armeabi-v7a,29,3.2
Sharp,AQUOS sense5G,WJG,3478MB,Phone,Qualcomm SM6350,1080x2280,440,arm64-v8a;armeabi;armeabi-v7a,30,3.2
Sharp,S7,vespa_sprout,2678-2743MB,Phone,Qualcomm SDM630,1080x2160,480,arm64-v8a;armeabi;armeabi-v7a,27;28;29;30,3.2
Sony,Xperia XZ1,701SO,3728-3730MB,Phone,Qualcomm MSM8998,1080x1920,480,arm64-v8a;armeabi;armeabi-v7a,26;28,3.2
Sony,Xperia XZ2,702SO,3675-3684MB,Phone,Qualcomm SDM845,1080x2160,480,arm64-v8a;armeabi;armeabi-v7a,26;28,3.2
Sony,Xperia XZ3,801SO,3680-3684MB,Phone,Qualcomm SDM845,1440x2880,560,arm64-v8a;armeabi;armeabi-v7a,28;29,3.2
Sony,Xperia 1,802SO,5492-5493MB,Phone,Qualcomm SM8150,1096x2560,420,arm64-v8a;armeabi;armeabi-v7a,28;29,3.2
Sony,Xperia 5,901SO,5492-5494MB,Phone,Qualcomm SM8150,1080x2520,420,arm64-v8a;armeabi;armeabi-v7a,28;29,3.2
Sony,Xperia 5 II,A002SO,7697-7701MB,Phone,Qualcomm SM8250,1080x2520,420,arm64-v8a;armeabi;armeabi-v7a,29;30,3.2
Sony,Xperia XZ Premium,G8141,3727-3735MB,Phone,Qualcomm MSM8996,1080x1920,480,arm64-v8a;armeabi;armeabi-v7a,25;26;28,3.2
Sony,Xperia XZ Premium,G8142,3728-3735MB,Phone,Qualcomm MSM8998,1080x1920,480,arm64-v8a;armeabi;armeabi-v7a,25;26;28,3.2
Sony,Xperia XZ Premium,G8188,3728-3733MB,Phone,Qualcomm MSM8998,1080x1920,480,arm64-v8a;armeabi;armeabi-v7a,25;26;28,3.2
Sony,Xperia XZ1,G8341,3728-3730MB,Phone,Qualcomm MSM8998,1080x1920,480,arm64-v8a;armeabi;armeabi-v7a,26;28,3.2
Sony,Xperia XZ1,G8342,3728-3730MB,Phone,Qualcomm MSM8998,1080x1920,480,arm64-v8a;armeabi;armeabi-v7a,26;28,3.2
Sony,Xperia XZ1,G8343,3728-3730MB,Phone,Qualcomm MSM8998,1080x1920,480,arm64-v8a;armeabi;armeabi-v7a,26;28,3.2
Sony,Xperia XZ1 Compact,G8441,3728-3730MB,Phone,Qualcomm MSM8998,720x1280,320,arm64-v8a;armeabi;armeabi-v7a,26;28,3.2
Sony,Xperia XZ2 Premium,H8116,5673-5681MB,Phone,Qualcomm SDM845,1080x1920,420,arm64-v8a;armeabi;armeabi-v7a,26;28;29,3.2
Sony,Xperia XZ2 Premium,H8166,5673-5682MB,Phone,Qualcomm SDM845,1080x1920,420,arm64-v8a;armeabi;armeabi-v7a,26;28;29,3.2
Sony,Xperia XZ2,H8216,3675-3684MB,Phone,Qualcomm SDM845,1080x2160,480,arm64-v8a;armeabi;armeabi-v7a,26;28;29,3.2
Sony,Xperia XZ2,H8266,3675-3684MB,Phone,Qualcomm SDM845,1080x2160,480,arm64-v8a;armeabi;armeabi-v7a,26;28;29,3.2
Sony,Xperia XZ2,H8276,3675-3684MB,Phone,Qualcomm SDM845,1080x2160,480,arm64-v8a;armeabi;armeabi-v7a,26;28,3.2
Sony,Xperia XZ2,H8296,5673-5682MB,Phone,Qualcomm SDM845,1080x2160,480,arm64-v8a;armeabi;armeabi-v7a,26;28;29,3.2
Sony,Xperia XZ2 Compact,H8314,3675-3684MB,Phone,Qualcomm SDM845,1080x2160,480,arm64-v8a;armeabi;armeabi-v7a,26;28;29,3.2
Sony,Xperia XZ2 Compact,H8324,3675-3684MB,Phone,Qualcomm SDM845,1080x2160,480,arm64-v8a;armeabi;armeabi-v7a,26;28;29,3.2
Sony,Xperia XZ3,H8416,3680-3684MB,Phone,Qualcomm SDM845,1440x2880,560,arm64-v8a;armeabi;armeabi-v7a,28;29,3.2
Sony,Xperia XZ3,H9436,3680-3684MB,Phone,Qualcomm SDM845,1440x2880,560,arm64-v8a;armeabi;armeabi-v7a,28;29,3.2
Sony,Xperia XZ3,H9493,5678-5682MB,Phone,Qualcomm SDM845,1440x2880,560,arm64-v8a;armeabi;armeabi-v7a,28;29,3.2
Sony,Xperia 1,J8110,5487-5493MB,Phone,Qualcomm SM8150,1096x2560,420,arm64-v8a;armeabi;armeabi-v7a,28;29;30,3.2
Sony,Xperia 1,J8170,5487-5493MB,Phone,Qualcomm SM8150,1096x2560,420,arm64-v8a;armeabi;armeabi-v7a,28;29;30,3.2
Sony,Xperia 5,J8210,5487-5494MB,Phone,Qualcomm SM8150,1080x2520,420,arm64-v8a;armeabi;armeabi-v7a,28;29;30,3.2
Sony,Xperia 5,J8270,5487-5494MB,Phone,Qualcomm SM8150,1080x2520,420,arm64-v8a;armeabi;armeabi-v7a,28;29;30,3.2
Sony,Xperia 1,J9110,5487-5493MB,Phone,Qualcomm SM8150,1096x2560,420,arm64-v8a;armeabi;armeabi-v7a,28;29;30,3.2
Sony,Xperia 1 Professional Edition,J9150,5487-5493MB,Phone,Qualcomm SM8150,1096x2560,420,arm64-v8a;armeabi;armeabi-v7a,28;29;30,3.2
Sony,Xperia 1,J9180,5487-5493MB,Phone,Qualcomm SM8150,1096x2560,420,arm64-v8a;armeabi;armeabi-v7a,28;29;30,3.2
Sony,Xperia 5,J9210,5487-5494MB,Phone,Qualcomm SM8150,1080x2520,420,arm64-v8a;armeabi;armeabi-v7a,28;29;30,3.2
Sony,Xperia 5,J9260,5487-5494MB,Phone,Qualcomm SM8150,1080x2520,420,arm64-v8a;armeabi;armeabi-v7a,28;29;30,3.2
Sony,Xperia XZ1,SO-01K,3728-3730MB,Phone,Qualcomm MSM8998,1080x1920,480,arm64-v8a;armeabi;armeabi-v7a,26;28,3.2
Sony,Xperia XZ3,SO-01L,3680-3684MB,Phone,Qualcomm SDM845,1440x2880,560,arm64-v8a;armeabi;armeabi-v7a,28;29,3.2
Sony,Xperia 5,SO-01M,5487-5494MB,Phone,Qualcomm SM8150,1080x2520,420,arm64-v8a;armeabi;armeabi-v7a,28;29;30,3.2
Sony,Xperia XZ1 Compact,SO-02K,3728-3730MB,Phone,Qualcomm MSM8998,720x1280,320,arm64-v8a;armeabi;armeabi-v7a,26;28,3.2
Sony,Xperia XZ2,SO-03K,3675-3684MB,Phone,Qualcomm SDM845,1080x2160,480,arm64-v8a;armeabi;armeabi-v7a,26;28;29,3.2
Sony,Xperia 1,SO-03L,5487-5493MB,Phone,Qualcomm SM8150,1096x2560,420,arm64-v8a;armeabi;armeabi-v7a,28;29;30,3.2
Sony,Xperia XZ Premium,SO-04J,3728-3732MB,Phone,Qualcomm MSM8998,1080x1920;1920x1080,480,arm64-v8a;armeabi;armeabi-v7a,25;26;28,3.2
Sony,Xperia XZ2 Premium,SO-04K,5678-5682MB,Phone,Qualcomm SDM845,1080x1920,420,arm64-v8a;armeabi;armeabi-v7a,26;28;29,3.2
Sony,Xperia XZ2 Compact,SO-05K,3675-3684MB,Phone,Qualcomm SDM845,1080x2160,480,arm64-v8a;armeabi;armeabi-v7a,26;28;29,3.2
Sony,Xperia 1 II,SO-51A,7669-7697MB,Phone,Qualcomm SM8250,1096x2560,420,arm64-v8a;armeabi;armeabi-v7a,29;30,3.2
Sony,Xperia 5 II,SO-52A,7697-7701MB,Phone,Qualcomm SM8250,1080x2520,420,arm64-v8a;armeabi;armeabi-v7a,29;30,3.2
Sony,Xperia 1 II,SOG01,7669-7697MB,Phone,Qualcomm SM8250,1096x2560,420,arm64-v8a;armeabi;armeabi-v7a,29;30,3.2
Sony,Xperia 5 II,SOG02,7697-7701MB,Phone,Qualcomm SM8250,1080x2520,420,arm64-v8a;armeabi;armeabi-v7a,29;30,3.2
Sony,Xperia XZ1,SOV36,3728-3730MB,Phone,Qualcomm MSM8998,1080x1920,480,arm64-v8a;armeabi;armeabi-v7a,26;28,3.2
Sony,Xperia XZ2,SOV37,3675-3684MB,Phone,Qualcomm SDM845,1080x2160,480,arm64-v8a;armeabi;armeabi-v7a,26;28;29,3.2
Sony,Xperia XZ2 Premium,SOV38,5678-5682MB,Phone,Qualcomm SDM845,1080x1920,420,arm64-v8a;armeabi;armeabi-v7a,26;28;29,3.2
Sony,Xperia XZ3,SOV39,3680-3684MB,Phone,Qualcomm SDM845,1440x2880,560,arm64-v8a;armeabi;armeabi-v7a,28;29,3.2
Sony,Xperia 1,SOV40,5487-5493MB,Phone,Qualcomm SM8150,1096x2560,420,arm64-v8a;armeabi;armeabi-v7a,28;29;30,3.2
Sony,Xperia 5,SOV41,5487-5494MB,Phone,Qualcomm SM8150,1080x2520,420,arm64-v8a;armeabi;armeabi-v7a,28;29;30,3.2
Sony,Xperia PRO,XQ-AQ52,11747MB,Phone,Qualcomm SM8250,1096x2560,420,arm64-v8a;armeabi;armeabi-v7a,29,3.2
Sony,Xperia PRO,XQ-AQ62,11747MB,Phone,Qualcomm SM8250,2560x1096,420,arm64-v8a;armeabi;armeabi-v7a,29,3.2
Sony,Xperia 5 II,XQ-AS52,7697-7701MB,Phone,Qualcomm SM8250,1080x2520,420,arm64-v8a;armeabi;armeabi-v7a,29;30,3.2
Sony,Xperia 5 II,XQ-AS62,7697-7701MB,Phone,Qualcomm SM8250,1080x2520,420,arm64-v8a;armeabi;armeabi-v7a,29;30,3.2
Sony,Xperia 5 II,XQ-AS72,7697-7701MB,Phone,Qualcomm SM8250,1080x2520,420,arm64-v8a;armeabi;armeabi-v7a,29;30,3.2
Sony,Xperia 1 II,XQ-AT42,11743-11747MB,Phone,Qualcomm SM8250,1096x2560,420,arm64-v8a;armeabi;armeabi-v7a,29;30,3.2
Sony,Xperia 1 II,XQ-AT51,7666-7697MB,Phone,Qualcomm SM8250,1096x2560,420,arm64-v8a;armeabi;armeabi-v7a,29;30,3.2
Sony,Xperia 1 II,XQ-AT52,7669-7697MB,Phone,Qualcomm SM8250,1096x2560,420,arm64-v8a;armeabi;armeabi-v7a,29;30,3.2
Sony,Xperia 1 II,XQ-AT72,11743-11747MB,Phone,Qualcomm SM8250,1096x2560,420,arm64-v8a;armeabi;armeabi-v7a,29;30,3.2
Starlight,venus,venus,899MB,Phone,Spreadtrum SC7731E,480x960,240,armeabi;armeabi-v7a,29,3.2
T-Mobile,REVVL 5G,Seattle_5G,5481-5484MB,Phone,Qualcomm SM7250,1080x2340,480,arm64-v8a;armeabi;armeabi-v7a,29;30,3.2
T-Mobile,REVVLRY+,lake_n,3745-3746MB,Phone,Qualcomm SDM636,1080x2270,408;480,arm64-v8a;armeabi;armeabi-v7a,28;29,3.2
TCL,TCL 20 Pro 5G,Ottawa,5438-5441MB,Phone,Qualcomm SM7225,1080x2400,480,arm64-v8a;armeabi;armeabi-v7a,30,3.2
Tecno,Phantom 9,TECNO-AB7,5731MB,Phone,Mediatek MT6765,1080x2340,480,arm64-v8a;armeabi;armeabi-v7a,28,3.2
Tecno,TECNO CAMON 12 Pro,TECNO-CC9,5749MB,Phone,Mediatek MT6762,720x1548,320,arm64-v8a;armeabi;armeabi-v7a,28,3.2
Tecno,CAMON 16 Pro,TECNO-CE8,5814MB,Phone,Mediatek MT6769,720x1640,320,arm64-v8a;armeabi;armeabi-v7a,29,3.2
Tecno,TECNO CAMON 16 Premier,TECNO-CE9,7694MB,Phone,Mediatek MT6785,1080x2460,480,arm64-v8a;armeabi;armeabi-v7a,29,3.2
Tecno,TECNO CAMON 16,TECNO-CE9h,7694MB,Phone,Mediatek MT6785,1080x2460,480,arm64-v8a;armeabi;armeabi-v7a,29,3.2
Umx(Ultimate Mobile Experience),U3AR,U3AR,3710MB,Phone,Qualcomm SDA670,1080x2160,480,arm64-v8a;armeabi;armeabi-v7a,28,3.2
Vivo,vivo 1805,1805,7547-7664MB,Phone,Qualcomm SDM845,1080x2316,480,arm64-v8a;armeabi;armeabi-v7a,27;28;29,3.2
Vivo,vivo 1813,1813,9539-9557MB,Phone,Qualcomm SDM845,1080x2340,480,arm64-v8a;armeabi;armeabi-v7a,28;29,3.2
Vivo,vivo 1912,1912,7483-7491MB,Phone,Qualcomm SM8150P,1080x2256,440,arm64-v8a;armeabi;armeabi-v7a,28;29,3.2
Vivo,vivo 1913,1913,7407-7415MB,Phone,Qualcomm SM8150P,1080x2256,440,arm64-v8a;armeabi;armeabi-v7a,28;29,3.2
Vivo,vivo 1919,1919,7569-7604MB,Phone,Qualcomm SM6150,1080x2400,480,arm64-v8a;armeabi;armeabi-v7a,28;29;30,3.2
Vivo,V1930,1930,7449-7451MB,Phone,Qualcomm SM7250,1080x2400,480,arm64-v8a;armeabi;armeabi-v7a,29;30,3.2
Vivo,X50,2004,7576-7586MB,Phone,Qualcomm SM7150,1080x2376,480,arm64-v8a;armeabi;armeabi-v7a,29;30,3.2
Vivo,vivo 2005,2005,7449MB,Phone,Qualcomm SM7250,1080x2376,480,arm64-v8a;armeabi;armeabi-v7a,29,3.2
Vivo,X50 Pro,2006,7449-7452MB,Phone,Qualcomm SM7250,1080x2376,440;480,arm64-v8a;armeabi;armeabi-v7a,29;30,3.2
Vivo,vivo 2018,2018,7448-7452MB,Phone,Qualcomm SM7250,1080x2400,440;480,arm64-v8a;armeabi;armeabi-v7a,29;30,3.2
Vivo,V2025,2025,7548-7549MB,Phone,Qualcomm SM7125,1080x2400,440,arm64-v8a;armeabi;armeabi-v7a,30,3.2
Vivo,V2045,2045,7648-11637MB,Phone,Qualcomm SM8250ac,1080x2376,440,arm64-v8a;armeabi;armeabi-v7a,30,3.2
Vivo,V2046,2046,11634-11638MB,Phone,Qualcomm SM8250ac,1080x2376,440,arm64-v8a;armeabi;armeabi-v7a,30,3.2
Vivo,I1927,I1928,7650-11641MB,Phone,Qualcomm SM8250,1080x2400,480,arm64-v8a;armeabi;armeabi-v7a,29;30,3.2
Vivo,vivo NEX S,PD1805,2710-7566MB,Phone,Qualcomm SDM845,1080x2316,480,arm64-v8a;armeabi;armeabi-v7a,27;28;29,3.2
Vivo,V1824A,PD1824,7485-7517MB,Phone,Qualcomm SDM855,1080x2340,480,arm64-v8a;armeabi;armeabi-v7a,28;29;30,3.2
Vivo,V1981A,PD1981,7649-7654MB,Phone,Qualcomm SM8250,1080x2408,480,arm64-v8a;armeabi;armeabi-v7a,29;30,3.2
Vsmart,Live 4,cassia,5593MB,Phone,Qualcomm SDM675,1080x2340,480,arm64-v8a;armeabi;armeabi-v7a,29,3.2
Vsmart,Aris,jacaranda,5612MB,Phone,Qualcomm SM7150,1080x2340,480,arm64-v8a;armeabi;armeabi-v7a,29,3.2
Vsmart,Aris Pro,jacarandapro,7611MB,Phone,Qualcomm SM7150,1080x2340,480,arm64-v8a;armeabi;armeabi-v7a,29,3.2
Wiko,View3 Pro,W-P611,3763-5777MB,Phone,Mediatek MT6771,1080x2340;2340x1080,420,arm64-v8a;armeabi;armeabi-v7a,28,3.2
Xiaomi,Mi 10T,apollo,5615-7642MB,Phone,Qualcomm SM8250,1080x2400,440,arm64-v8a;armeabi;armeabi-v7a,29;30,3.2
Xiaomi,POCO F1,beryllium,5631-5637MB,Phone,Qualcomm SDM845,1080x2246,440;480,arm64-v8a;armeabi;armeabi-v7a,27;28;29,3.2
Xiaomi,Mi 10 Ultra,cas,11600-11628MB,Phone,Qualcomm SM8250,1080x2340,440,arm64-v8a;armeabi;armeabi-v7a,29;30,3.2
Xiaomi,MI 9,cepheus,5503-5523MB,Phone,Qualcomm SDM855,1080x2340,440,arm64-v8a;armeabi;armeabi-v7a,28;29,3.2
Xiaomi,Mi 10 Pro,cmi,7623-11609MB,Phone,Qualcomm SM8250,1080x2340,440,arm64-v8a;armeabi;armeabi-v7a,29;30,3.2
Xiaomi,Mi 9T,davinci,5557-5600MB,Phone,Qualcomm SM7150,1080x2340,440,arm64-v8a;armeabi;armeabi-v7a,28;29;30,3.2
Xiaomi,MI 8,dipper,5629-5635MB,Phone,Qualcomm SDM845,1080x2248,440;480,arm64-v8a;armeabi;armeabi-v7a,27;28;29,3.2
Xiaomi,Mi 10T Lite,gauguin,5384MB,Phone,Qualcomm SM7225,1080x2400,440,arm64-v8a;armeabi;armeabi-v7a,29;30,3.2
Xiaomi,Redmi Note 8,ginkgo,2634-3645MB,Phone,Qualcomm SM6125,1080x2340,440,arm64-v8a;armeabi;armeabi-v7a,28;29;30,3.2
Xiaomi,MI 9 SE,grus,5616-5619MB,Phone,Qualcomm SDM712,1080x2340,480,arm64-v8a;armeabi;armeabi-v7a,28;29;30,3.2
Xiaomi,Mi A3,laurel_sprout,3610-3613MB,Phone,Qualcomm SM6125,720x1560,320,arm64-v8a;armeabi;armeabi-v7a,28;29;30,3.2
Xiaomi,K30 pro,lmiin,5644MB,Phone,Qualcomm SM8250,1080x2400,440,arm64-v8a;armeabi;armeabi-v7a,29,3.2
Xiaomi,Redmi K30 Pro Zoom Edition,lmipro,7623-7642MB,Phone,Qualcomm SM8250,1080x2400,440,arm64-v8a;armeabi;armeabi-v7a,29;30,3.2
Xiaomi,Mi 10 lite 5G,monet,5427-5430MB,Phone,Qualcomm SM7250,1080x2400,440,arm64-v8a;armeabi;armeabi-v7a,29;30,3.2
Xiaomi,MIX 3,perseus,5629-5631MB,Phone,Qualcomm SDM845,1080x2340,440,arm64-v8a;armeabi;armeabi-v7a,28;29,3.2
Xiaomi,MIX 2S,polaris,5631-5652MB,Phone,Qualcomm SDM845,1080x2160,440;480,arm64-v8a;armeabi;armeabi-v7a,26;28;29,3.2
Xiaomi,Mi 9 Lite,pyxis,5618MB,Phone,Qualcomm SDM710,1080x2340,440,arm64-v8a;armeabi;armeabi-v7a,28;29,3.2
Xiaomi,MI 8 SE,sirius,5679-5680MB,Phone,Qualcomm SDM710,1080x2244,440;480,arm64-v8a;armeabi;armeabi-v7a,27;28;29,3.2
Xiaomi,Mi Note 10 Lite,toco,5557-5568MB,Phone,Qualcomm SM7150,1080x2340,440,arm64-v8a;armeabi;armeabi-v7a,29;30,3.2
Xiaomi,Mi Note 10,tucana,5557-5582MB,Phone,Qualcomm SM7150,1080x2340,440,arm64-v8a;armeabi;armeabi-v7a,28;29;30,3.2
Xiaomi,Mi 10,umi,7623-7640MB,Phone,Qualcomm SM8250,1080x2340,440,arm64-v8a;armeabi;armeabi-v7a,29;30,3.2
Xiaomi,Mi 10 Lite zoom,vangogh,7426-7429MB,Phone,Qualcomm SM7250,1080x2400,440,arm64-v8a;armeabi;armeabi-v7a,29;30,3.2
Xiaomi,Mi 11,venus,7298MB,Phone,Qualcomm SM8250Pro,1440x3200,560,arm64-v8a;armeabi;armeabi-v7a,30,3.2
Xiaomi,Redmi  Note  7 Pro,violet,3615-3664MB,Phone,Qualcomm SDM675,1080x2340,440,arm64-v8a;armeabi;armeabi-v7a,28;29,3.2
ZTE,A003ZT,Z6650S,3475MB,Phone,Qualcomm SM6350,1080x2340,480,arm64-v8a;armeabi;armeabi-v7a,30,3.2
Zebra,ET51,ET51S,3733-3739MB,Tablet,Qualcomm SDM660,2560x1600,320,arm64-v8a;armeabi;armeabi-v7a,27;29,3.2
Zebra,ET56,ET56S,3733-3739MB,Tablet,Qualcomm SDM660,1600x2560;2560x1600,320,arm64-v8a;armeabi;armeabi-v7a,27;29,3.2
Zebra,TC21,TC21,2737MB,Phone,Qualcomm SDA660,720x1280,320,arm64-v8a;armeabi;armeabi-v7a,29,3.2
Zebra,TC26,TC26,1737-2737MB,Phone,Qualcomm SDM660,720x1280,320,arm64-v8a;armeabi;armeabi-v7a,29,3.2
Zebra,TC52,TC52,3736-3742MB,Phone,Qualcomm SDM660,720x1280,320,arm64-v8a;armeabi;armeabi-v7a,27;28;29,3.2
Zebra,Zebra Technologies TC52x,TC52X,3739MB,Phone,Qualcomm SDA660,1080x1920,480,arm64-v8a;armeabi;armeabi-v7a,29,3.2
Zebra,TC57,TC57,3733-3739MB,Phone,Qualcomm SDM660,720x1280,320,arm64-v8a;armeabi;armeabi-v7a,27;29,3.2
Zebra,Zebra Technologies TC57x,TC57X,3739MB,Phone,Qualcomm SDM660,1080x1920,480,arm64-v8a;armeabi;armeabi-v7a,29,3.2
Zebra,TC72,TC72,3733-3742MB,Phone,Qualcomm SDM660,720x1280,320,arm64-v8a;armeabi;armeabi-v7a,27;28;29,3.2
Zebra,TC77,TC77,3733-3739MB,Phone,Qualcomm SDM660,720x1280,320,arm64-v8a;armeabi;armeabi-v7a,27;29,3.2